name,author,variant,color_01,color_02,color_03,color_04,color_05,color_06,color_07,color_08,color_09,color_10,color_11,color_12,color_13,color_14,color_15,color_16,background,foreground,cursor,hash
3024 Day,,light,#090300,#DB2D20,#01A252,#FDED02,#01A0E4,#A16A94,#B5E4F4,#A5A2A2,#5C5855,#E8BBD0,#3A3432,#4A4543,#807D7C,#D6D5D4,#CDAB53,#F7F7F7,#F7F7F7,#4A4543,#4A4543,e0881ab71e1e934b99810ae87bf04a3ea32c0c2a68e63895717c5cd6d4e0b651
3024 Night,,dark,#090300,#DB2D20,#01A252,#FDED02,#01A0E4,#A16A94,#B5E4F4,#A5A2A2,#5C5855,#E8BBD0,#3A3432,#4A4543,#807D7C,#D6D5D4,#CDAB53,#F7F7F7,#090300,#A5A2A2,#A5A2A2,34cd8ebcb00ae6630358b68526ccc7bdedde6ea5984ec2eab804d0536c89a8a8
Aci,,dark,#363636,#FF0883,#83FF08,#FF8308,#0883FF,#8308FF,#08FF83,#B6B6B6,#424242,#FF1E8E,#8EFF1E,#FF8E1E,#1E8EFF,#8E1EFF,#1EFF8E,#C2C2C2,#0D1926,#B4E1FD,#B4E1FD,1cedad028d1a484d3ccbbcf6cfe6eefb338e44ff71bc8b223c950f8d523555c3
Acme,plan9-for-vimspace (https://github.com/plan9-for-vimspace/acme-colors),light,#101010,#303030,#cccc7c,#ffffca,#eaffff,#505050,#aeeeee,#fcfcce,#101010,#303030,#cccc7c,#ffffca,#eaffff,#505050,#aeeeee,#fcfcce,#ffffea,#000000,#000000,1383e807c957fbeb8b2ec4e1d3a4e6033f93492afb5436a77d746d7b3a97415b
Aco,,dark,#3F3F3F,#FF0883,#83FF08,#FF8308,#0883FF,#8308FF,#08FF83,#BEBEBE,#474747,#FF1E8E,#8EFF1E,#FF8E1E,#1E8EFF,#8E1EFF,#1EFF8E,#C4C4C4,#1F1305,#B4E1FD,#B4E1FD,b97c16368902e9705b24293da062b850992f3cc1dbdadd7fd7aacab4d7fa8a66
Adventure Time,,dark,#050404,#BD0013,#4AB118,#E7741E,#0F4AC6,#665993,#70A598,#F8DCC0,#4E7CBF,#FC5F5A,#9EFF6E,#EFC11A,#1997C6,#9B5953,#C8FAF4,#F6F5FB,#1F1D45,#F8DCC0,#F8DCC0,dc959e9b6fde2511ef81736b8f14161f869226a85c476b29361292bdd93d9261
Afterglow,,dark,#151515,#AC4142,#7E8E50,#E5B567,#6C99BB,#9F4E85,#7DD6CF,#D0D0D0,#505050,#AC4142,#7E8E50,#E5B567,#6C99BB,#9F4E85,#7DD6CF,#F5F5F5,#212121,#D0D0D0,#D0D0D0,567ee80d2be73493b99ba47d1b5d7afd99847d3399c98a9a215490e2e51d9c23
Agave,,dark,#222826,#A35D4E,#6E9E75,#C8A962,#5F8E97,#89739A,#6EA7A3,#C8D5CC,#5A6661,#C97867,#96C79C,#E6CF8A,#8FBBC3,#B49AC8,#9ED4CF,#F6FBF5,#141917,#D8E3DA,#EAF5D6,59d57d2c7a2f2c4fd4645d6d6c0bf62c8b85c265d2ab66735cc3a9b129ac06ef
Alien Blood,,dark,#112616,#7F2B27,#2F7E25,#717F24,#2F6A7F,#47587F,#327F77,#647D75,#3C4812,#E08009,#18E000,#BDE000,#00AAE0,#0058E0,#00E0C4,#73FA91,#0F1610,#637D75,#637D75,f3e5f6c374afdf9cbd01fc7a3952c01302bc56122e2035f32b787a210d3b9a5e
Apprentice,,dark,#1C1C1C,#AF5F5F,#5F875F,#87875F,#5F87AF,#5F5F87,#5F8787,#6C6C6C,#444444,#FF8700,#87AF87,#FFFFAF,#8FAFD7,#8787AF,#5FAFAF,#FFFFFF,#262626,#BCBCBC,#BCBCBC,db1d7254efd5fe3e325b16126e31cd55086234507a621d07f95c66c72ac8a452
Arc Dark,https://hesamrad.com,dark,#0D1117,#C32424,#24C391,#C3A924,#2455C3,#C224C3,#24BAC3,#E8ECF2,#3B4D68,#D93030,#30D9A4,#D9BD30,#3063D9,#D930D9,#30D1D9,#FFFFFF,#0D1117,#9198A1,#00FF00,ecb062cba4992858dc1d0cd2bfa91976f6b5bb5e5f89406a2f4c84b91b338026
Arc Light,https://hesamrad.com,light,#0D1117,#C32424,#24C391,#C3A924,#2455C3,#C224C3,#24BAC3,#E8ECF2,#3B4D68,#BE2323,#23BE8D,#BEA423,#2351BE,#BE23BE,#23B6BE,#FFFFFF,#E8ECF2,#333333,#00FF00,83308f91bba601aae5f54dd9e9be8bde2661fe87765064dade976be97780c3ab
Argonaut,,dark,#232323,#FF000F,#8CE10B,#FFB900,#008DF8,#6D43A6,#00D8EB,#FFFFFF,#444444,#FF2740,#ABE15B,#FFD242,#0092FF,#9A5FEB,#67FFF0,#FFFFFF,#0E1019,#FFFAF4,#FFFAF4,91109bea4785263820c5a81a2e09f3696defe0ebf8c6ede5128ea36a01708727
Arthur,,dark,#3D352A,#CD5C5C,#86AF80,#E8AE5B,#6495ED,#DEB887,#B0C4DE,#BBAA99,#554444,#CC5533,#88AA22,#FFA75D,#87CEEB,#996600,#B0C4DE,#DDCCBB,#1C1C1C,#DDEEDD,#DDEEDD,b3b0ea8840ef2c87faf89aaaa71f084208816b2f4ec6bd7abe2110f0e43c7406
Astrodark,,dark,#111317,#F8747E,#75AD47,#D09214,#50A4E9,#CC83E3,#00B298,#ADB0BB,#576176,#FAA5AB,#A5CD84,#EFBD58,#8DC3F1,#DEAEED,#27FFDF,#CACCD3,#1A1D23,#9B9FA9,#CACCD3,cd26a1a3ba836db42741e371edd4a5355a8a465cb06ccebb4d3adb00c3feae45
Atelier Cave,Bram de Haan (http://atelierbram.github.io/syntax-highlighting/atelier-schemes/cave),dark,#19171C,#BE4678,#2A9292,#A06E3B,#576DDB,#955AE7,#398BC6,#8B8792,#655F6D,#AA573C,#2A9292,#A06E3B,#576DDB,#955AE7,#398BC6,#EFECF4,#19171C,#7E7887,#7E7887,9956cb9c3c3a2335ec99b03a2b216132bdf39c8f63160a5b8c70f5369c6aa984
Atelier Dune,Bram de Haan (http://atelierbram.github.io/syntax-highlighting/atelier-schemes/dune),dark,#20201D,#D73737,#60AC39,#AE9513,#6684E1,#B854D4,#1FAD83,#a6a28c,#7D7A68,#B65611,#60AC39,#AE9513,#6684E1,#B854D4,#1FAD83,#FEFBEC,#20201D,#999580,#999580,9f7ea087cb54e926a06bcaeb2560812bce0b7c9f2471dab2226d93167d638617
Atelier Estuary,Bram de Haan (http://atelierbram.github.io/syntax-highlighting/atelier-schemes/estuary),dark,#22221B,#BA6236,#7D9726,#A5980D,#36A166,#5F9182,#5B9D48,#929181,#6C6B5A,#AE7313,#7D9726,#A5980D,#36A166,#5F9182,#5B9D48,#F4F3EC,#22221B,#878573,#878573,58fb88a40c304ad4e5e74ca06d46c18d430552863fe073ea40157ec75a8b985d
Atelier Forest,Bram de Haan (http://atelierbram.github.io/syntax-highlighting/atelier-schemes/forest),dark,#1B1918,#F22C40,#7B9726,#C38418,#407EE7,#6666EA,#3D97B8,#A8A19F,#766E6B,#DF5320,#7B9726,#C38418,#407EE7,#6666EA,#3D97B8,#F1EFEE,#1B1918,#9C9491,#9C9491,6275066419ff870b11bc3969338ecf1dcaacb6b4595d85d6cd6e633763abb95b
Atelier Heath,Bram de Haan (http://atelierbram.github.io/syntax-highlighting/atelier-schemes/heath),dark,#1B181B,#CA402B,#918B3B,#BB8A35,#516AEC,#7b59C0,#159393,#AB9BAB,#776977,#A65926,#918B3B,#BB8A35,#516AEC,#7b59C0,#159393,#F7F3F7,#1B181B,#9E8F9E,#9E8F9E,1bc060def78331d884478e3c8c83577d0f4498586442e11368c4a411a2e459c4
Atelier Lakeside,Bram de Haan (http://atelierbram.github.io/syntax-highlighting/atelier-schemes/lakeside),dark,#161B1D,#D22D72,#568C3B,#8A8A0F,#257FAD,#6B6BB8,#2D8F6F,#7EA2B4,#5A7B8C,#935C25,#568C3B,#8A8A0F,#257FAD,#6B6BB8,#2D8F6F,#EBF8FF,#161B1D,#7195A8,#7195A8,fc8627f7f047f5ce209313a5af6a872002cdf6888714c7abc64bb4bd7b941363
Atelier Plateau,Bram de Haan (http://atelierbram.github.io/syntax-highlighting/atelier-schemes/plateau),dark,#1B1818,#CA4949,#4B8B8B,#A06E3B,#7272CA,#8464C4,#5485B6,#8A8585,#655D5D,#B45A3C,#4B8B8B,#A06E3B,#7272CA,#8464C4,#5485B6,#F4ECEC,#1B1818,#7E7777,#7E7777,31a81f82b37a5ab42b1fe377176a22354c21077bf0156ebee61c5db9b1ee4791
Atelier Savanna,Bram de Haan (http://atelierbram.github.io/syntax-highlighting/atelier-schemes/savanna),dark,#171C19,#B16139,#489963,#A07E3B,#478C90,#55859B,#1C9AA0,#87928A,#5F6D64,#9F713C,#489963,#A07E3B,#478C90,#55859B,#1C9AA0,#ECF4EE,#171C19,#78877D,#78877D,48a1fb678399a4dc37fd79fd091b39fb1e7c196421f83b990a10de61809b0d0f
Atelier Seaside,Bram de Haan (http://atelierbram.github.io/syntax-highlighting/atelier-schemes/seaside),dark,#131513,#E6193C,#29A329,#98981B,#3D62F5,#AD2BEE,#1999B3,#8CA68C,#687D68,#87711D,#29A329,#98981B,#3D62F5,#AD2BEE,#1999B3,#F4FBF4,#131513,#809980,#809980,dd1a50fb71c0f7fef685752a8a58f5b084929b8438805bfeedd888f1e1ea7c37
Atelier Sulphurpool,Bram de Haan (http://atelierbram.github.io/syntax-highlighting/atelier-schemes/sulphurpool),dark,#202746,#C94922,#AC9739,#C08B30,#3D8FD1,#6679CC,#22A2C9,#979DB4,#6B7394,#C76B29,#293256,#5E6687,#898EA4,#DFE2F1,#9C637A,#F5F7FF,#202746,#979DB4,#979DB4,71827e9cae6219c85cd9a6e1549f65e5bece9904201d9306f408a5d111b2f5d3
Atom,,dark,#000000,#FD5FF1,#87C38A,#FFD7B1,#85BEFD,#B9B6FC,#85BEFD,#E0E0E0,#000000,#FD5FF1,#94FA36,#F5FFA8,#96CBFE,#B9B6FC,#85BEFD,#E0E0E0,#161719,#C5C8C6,#C5C8C6,9a7088836d84f10ccdf4f5edca8ff1ad1058249990ac6340b2eba733df9f1044
Aura,,dark,#110F18,#FF6767,#61FFCA,#FFCA85,#A277FF,#A277FF,#61FFCA,#EDECEE,#4D4D4D,#FFCA85,#A277FF,#FFCA85,#A277FF,#A277FF,#61FFCA,#EDECEE,#15141B,#EDECEE,#A277FF,3dd079e5942d498bcb161b63af5208eb5ee72a501ad43f61c4fd31995dd660af
Ayaka,Ruhannn (https://github.com/ruhannn),dark,#36283d,#71ADE9,#AB8CAE,#9EA0D3,#8BB8E9,#E1B4CE,#cedaeb,#9098a4,#71ADE9,#AB8CAE,#E59DB1,#9EA0D3,#8BB8E9,#E1B4CE,#cedaeb,#FFFEFE,#36283d,#cedaeb,#cedaeb,557f210daffa7c4e81fb9eaa6555496f10ebdb19dadecaeb22b06510fadf05e7
Ayu Dark,,dark,#0A0E14,#FF3333,#C2D94C,#FF8F40,#59C2FF,#FFEE99,#95E6CB,#B3B1AD,#4D5566,#FF3333,#C2D94C,#FF8F40,#59C2FF,#FFEE99,#95E6CB,#B3B1AD,#0A0E14,#B3B1AD,#E6B450,7b78ea71eebc2bfcce9f0926130d27e2dec2a574a93748c34c8ffcea951551f1
Ayu Light,,light,#000000,#EA6C6D,#6CBF43,#ECA944,#3199E1,#9E75C7,#46BA94,#BABABA,#686868,#F07171,#86B300,#F2AE49,#399EE6,#A37ACC,#4CBF99,#D1D1D1,#F8F9FA,#5C6166,#FFAA33,8916887c9fedbed603054a76e69acf82a9aba5b5095c0ac44c69bdf426a24147
Ayu Mirage,,dark,#171B24,#ED8274,#87D96C,#FACC6E,#6DCBFA,#DABAFA,#90E1C6,#C7C7C7,#686868,#F28779,#D5FF80,#FFD173,#73D0FF,#DFBFFF,#95E6CB,#FFFFFF,#1F2430,#CCCAC2,#FFCC66,fc155c52510dd641a01a5a6ffeac826abee2f7b0de2b0115d296979e5cc71128
Azu,,dark,#000000,#AC6D74,#74AC6D,#ACA46D,#6D74AC,#A46DAC,#6DACA4,#E6E6E6,#262626,#D6B8BC,#BCD6B8,#D6D3B8,#B8BCD6,#D3B8D6,#B8D6D3,#FFFFFF,#09111A,#D9E6F2,#D9E6F2,e6b820e3e06872d0b4ba3be882c05d4d2205d6a79865f82b9038d529729572c0
Base2Tone Cave,,dark,#222021,#936c7a,#cca133,#ffcc4d,#9c818b,#cca133,#d27998,#9f999b,#635f60,#ddaf3c,#2f2d2e,#565254,#706b6d,#f0a8c1,#c39622,#ffebf2,#222021,#9f999b,#996e00,2a3fd8029970bef67413a2dc5a0e57164158ea90755235cc65b0c3b33b36fd0d
Base2Tone Desert,,dark,#292724,#816f4b,#ec9255,#ffb380,#957e50,#ec9255,#ac8e53,#ada594,#7e7767,#f29d63,#3d3a34,#615c51,#908774,#ddcba6,#e58748,#f2ead9,#292724,#ada594,#bc672f,92f661e3ec93587a26f6c871309db4028ea8ab34b3e3a89983e6b7b47e103f3b
Base2Tone Drawbridge,,dark,#1b1f32,#627af4,#67c9e4,#99e9ff,#7289fd,#67c9e4,#8b9efd,#9094a7,#51587b,#75d5f0,#252a41,#444b6f,#5e6587,#c3cdfe,#5cbcd6,#e1e6ff,#1b1f32,#9094a7,#289dbd,d21b3267f837ecbea1b60b21521ac9d3fabf3d676d68f9439cec8359dcef3a2e
Base2Tone Earth,,dark,#322d29,#816d5f,#d9b154,#fcc440,#88786d,#d9b154,#967e6e,#b5a9a1,#6a5f58,#e6b84d,#3f3a37,#5b534d,#796b63,#dfb99f,#cda956,#fff3eb,#322d29,#b5a9a1,#9c8349,abb7bdcced6d92372353a08a00ebd7ecfa7ed08124ed4950957004363df5af94
Base2Tone Evening,,dark,#2a2734,#8a75f5,#ffad5c,#ffcc99,#9a86fd,#ffad5c,#afa0fe,#a4a1b5,#6c6783,#ffb870,#363342,#545167,#787391,#d9d2fe,#ffa142,#eeebff,#2a2734,#a4a1b5,#b37537,59379b74d17e79011b69b871eb7c4195b683cd36c1f4f0399ee42fbfaa2812c7
Base2Tone Field,,dark,#18201e,#0fbda0,#3be381,#85ffb8,#25d0b4,#3be381,#40ddc3,#8ea4a0,#5a6d6a,#55ec94,#242e2c,#42524f,#667a77,#88f2e0,#25d46e,#a8fff1,#18201e,#8ea4a0,#00943e,452314f5e9a62d5b6d2ef5edfced302e11e8bd043386449d64e8b5d7da4aea2c
Base2Tone Forest,,dark,#2a2d2a,#5c705c,#bfd454,#e5fb79,#687d68,#bfd454,#8fae8f,#a1b5a1,#535f53,#cbe25a,#353b35,#485148,#5e6e5e,#c8e4c8,#b1c44f,#f0fff0,#2a2d2a,#a1b5a1,#818b4b,cb3f9c0cea4da7d1123422f2ee81631872c443b15040b4c90a6a92c9d093c7d3
Base2Tone Garden,,dark,#1e1f1e,#3fac39,#db9257,#e0cab8,#4cb946,#db9257,#6bcc66,#969c96,#5d605c,#dba070,#2b2c2a,#505350,#696d69,#b7e3b5,#dd843c,#dcf0db,#1e1f1e,#969c96,#bd5d0f,dfbc01193242b70aa99f3ee288ce74f8fab630c3a87e960fba0177ca0d6f9250
Base2Tone Heath,,dark,#222022,#8f6c93,#cc8c33,#ffd599,#9a819c,#cc8c33,#cb79d2,#9e999f,#635f63,#d9b98c,#2f2d2f,#575158,#6f6b70,#eaa8f0,#c38022,#fdebff,#222022,#9e999f,#995900,aac2f30e579a76fae13d8912d45eb98cf4a544e6e5577b017e86ca98a769ff68
Base2Tone Lake,,dark,#192d34,#3e91ac,#cbbb4d,#ffeb66,#499fbc,#cbbb4d,#62b1cb,#7ba8b7,#3d6876,#d6c65c,#223c44,#335966,#467686,#a5d8e9,#c4b031,#e1f7ff,#192d34,#7ba8b7,#84740b,f248150346f82dc47455348f0b797cf1c0e19bcbce0d6e25806623de6f7d7478
Base2Tone Lavender,,dark,#201d2a,#9375f5,#d294ff,#ecd1ff,#a286fd,#d294ff,#b5a0fe,#9992b0,#625a7c,#dba8ff,#2c2839,#4b455f,#6e658b,#dcd2fe,#ca80ff,#efebff,#201d2a,#9992b0,#b042ff,3fb8a7beb753b5e89169985ed2ef1b3419211d70c5ec967e8af3ec5addfc5c7e
Base2Tone Mall,,dark,#1e1e1f,#a17efc,#75bfff,#b3dbff,#b294ff,#75bfff,#c5adff,#97959d,#5e5c60,#8ac8ff,#2b2b2c,#515053,#6a686e,#e5dbff,#69b5f7,#f4f0ff,#1e1e1f,#97959d,#3692e2,085e5172cdf196f0bd89c5df6e0d9918c307792c061173535d5e51e2f68285e0
Base2Tone Meadow,,dark,#192834,#277fbe,#80bf40,#a6f655,#4299d7,#80bf40,#47adf5,#7b9eb7,#3d5e76,#8cdd3c,#223644,#335166,#466b86,#afddfe,#73b234,#d1ecff,#192834,#7b9eb7,#4d8217,160cfbf4a41a7e226c4f48ed46e788a6617dca1840d64215426e84214b9e4c9d
Base2Tone Morning,,dark,#232834,#1659df,#b29762,#e5ddcd,#3d75e6,#b29762,#728fcb,#8d95a5,#656e81,#c6b28b,#31363f,#4f5664,#707a8f,#b7c9eb,#9a7c42,#dee6f7,#232834,#8d95a5,#594212,df8e8200183cf3128501968f7e430314fd56c1144d7f54b684b9bedaf98cf97a
Base2Tone Motel,,dark,#242323,#956f76,#f8917c,#ffc8bd,#a7868b,#f8917c,#b89da2,#a5979a,#766b6c,#ffa28f,#373434,#5a5354,#86797b,#dec9cc,#f77c64,#f0dbdf,#242323,#a5979a,#e24f32,bc029523c6c5e71b2aad7854db2cfe8d5ae21e90962d9957b3c39d6d08ffa9bf
Base2Tone Pool,,dark,#2a2433,#aa75f5,#f87972,#ffb6b3,#b886fd,#f87972,#c7a0fe,#9a90a7,#635775,#fc8983,#372f42,#574b68,#706383,#e4d2fe,#f36f68,#f3ebff,#2a2433,#9a90a7,#cf504a,525e47acb393893f1d6d936e8bde550bb6b926bd60338cc61f407058c2566570
Base2Tone Porch,,dark,#221e24,#9466a3,#f39b68,#ffc29e,#a77cb6,#f39b68,#ba95c6,#9f95a3,#645a68,#f8aa7c,#302a32,#574e5a,#716774,#dfcbe6,#ec8d55,#f2e3f7,#221e24,#9f95a3,#c46731,b9b98b349013befa85deac3dc6b5a887ff03571c180ad8c24abd2cad25ff12aa
Base2Tone Sea,,dark,#1d262f,#34659d,#0fc78a,#47ebb4,#57718e,#0fc78a,#6e9bcf,#a1aab5,#4a5f78,#14e19d,#27323f,#405368,#738191,#afd4fe,#0db57d,#ebf4ff,#1d262f,#a1aab5,#067953,ffa78bc63a41988a49935a832e999df72fc82bc7dbc55fd49ef0265db125ca1b
Base2Tone Space,,dark,#24242e,#7676f4,#ec7336,#fe8c52,#767693,#ec7336,#8a8aad,#a1a1b5,#5b5b76,#f37b3f,#333342,#515167,#737391,#cecee3,#e66e33,#ebebff,#24242e,#a1a1b5,#b25424,c7bf66c89ad2541af13d4a097fe8fd8cad368fe7400ba4663f6c92dfc3fb2765
Base2Tone Suburb,,dark,#1e202f,#7586f5,#fb6fa9,#ffb3d2,#8696fd,#fb6fa9,#a0acfe,#878ba6,#4f5472,#fe81b5,#292c3d,#444864,#5b6080,#d2d8fe,#f764a1,#ebedff,#1e202f,#878ba6,#d14781,6d3cf5bb187ebe042c4f28bec31cac4918376d54e067f16e06739fd2cec7f499
Base4Tone Classic A,,dark,#211d1c,#8d9f04,#dd40a4,#f17ec7,#eb8275,#dc9118,#e963b8,#eee8e8,#0d0807,#b9cf17,#f391cf,#f6b1dd,#f8cac3,#e8a02c,#fbbab1,#f9f6f6,#211d1c,#a19391,#81747c,b5282ba4849093677373f4f38d51a25f07147fbc03aeb652ca04d4f854a6a47f
Base4Tone Classic B,,dark,#211e1c,#669f04,#de5745,#f18c7e,#e78b55,#c1aa15,#e97263,#eeeae8,#0d0907,#8bcf17,#f39c91,#fbbab1,#f7cdb6,#dcc218,#f5c1a3,#f9f7f6,#211e1c,#a29790,#847371,b38db1300efbd01caa2954301fdd6664dce3a670061f35e3ef970b94a1ee4d1a
Base4Tone Classic C,,dark,#221f1c,#049a61,#de5745,#f18c7e,#e6971a,#adc115,#e97263,#eeebe8,#0d0b07,#16ca85,#f39c91,#fbbab1,#f5d8a8,#c5dc18,#f3cd91,#f9f8f6,#221f1c,#a39b8f,#847371,447bcf49ac0d3a13ba8eef62c1ac6ae019112a5778d295cf9b407580de8baee2
Base4Tone Classic D,,dark,#21211c,#049582,#da6b2b,#ee9968,#cfb617,#82c115,#e6854d,#eeede8,#0d0c07,#1cc4ae,#f0a57a,#f5c1a3,#f6edb1,#95dc18,#f2e58c,#f9f8f6,#21211c,#a2a090,#85776f,1904692157b05aa4937ebb8e9c65106fd8a051eb88d97154154a3988d792b9ac
Base4Tone Classic E,,dark,#21211c,#088ea0,#c27905,#e8a02c,#b9cf17,#5cba21,#dc9118,#edeee8,#0d0d07,#25bcd0,#eaa83e,#f3cd91,#eef6b1,#69d425,#e6f28c,#f9f9f6,#21211c,#a0a290,#877d6e,5f77c759244f58994af2963a64d906c6c6c10c83125216c82196ea49ed439b67
Base4Tone Classic F,,dark,#1f211c,#0b88d0,#a48f04,#dcc218,#8bcf17,#15bc52,#c1aa15,#ebeee8,#0b0d07,#47b5f5,#e6ca1a,#f2e58c,#ddf6b1,#18d85e,#cdf28c,#f8f9f6,#1f211c,#9ba191,#85826f,a50e4463f80ef25c6141928e648fde57e53d667dca1776b7b4dc4c0bc78aa8ff
Base4Tone Classic I,,dark,#1d201d,#5c6feb,#91a404,#c5dc18,#24cc38,#23b4c7,#adc115,#e8ede9,#080d08,#929ff7,#cee61a,#e6f28c,#b5f2bc,#3ccadd,#97eda1,#f6f9f6,#1d201d,#949e95,#83856f,94e08fa7a47213b8a5d576e6c37b7013a3f6ccd6df97e456826eff278568c994
Base4Tone Classic L,,dark,#1b2221,#7667e4,#0da51f,#2bda3f,#1cc4ae,#659efb,#22bf34,#e8eeed,#070d0c,#a095f3,#3cdd4f,#97eda1,#adf0e7,#88b4fc,#93ece0,#f6f9f8,#1b2221,#8ea4a1,#748176,3078c1fa826904cbc00307a999ed586c422618d10ea066687d70aa05bdbdcc03
Base4Tone Classic O,,dark,#1a1d23,#a24ad9,#0d9c89,#1ed2ba,#74a8fb,#9488f2,#1bbba6,#e7eaee,#07090d,#c27eed,#2fdac3,#93ece0,#c7dcff,#aba1f7,#c2d9ff,#f6f7f9,#1a1d23,#8995a9,#6d8884,a3b71b4ef6395aea253651d9d4d15b7df2c6e29b3f2e87e2cae508417b901eca
Base4Tone Classic P,,dark,#1c1d21,#c039d5,#1398aa,#3ccadd,#929ff7,#a57af0,#23b4c7,#e8e8ee,#07080d,#db75eb,#5ad2e2,#a4e6ef,#d0d5fb,#b792f6,#c6cdfb,#f6f6f9,#1c1d21,#9092a2,#6a878a,cbc6dafb10b18fa2455faa9dedf8702b2bfdfe602f3affbb8f930913f2ade227
Base4Tone Classic Q,,dark,#1d1d20,#d4359a,#4287f5,#88b4fc,#a095f3,#ba6cea,#659efb,#e9e8ed,#08070d,#eb75c0,#9cc1fc,#c2d9ff,#d9d5fc,#c988f2,#d1cbfb,#f6f6f9,#1d1d20,#95949e,#67768e,a5606d35e2aaf8684bf533948b91ca811ecc1827231bdff1581bd42371a2e6af
Base4Tone Classic R,,dark,#1e1d20,#d53975,#6577ec,#a0acf8,#af88f2,#d763e9,#8493f6,#eae8ed,#09070d,#eb75a2,#aeb8f9,#c6cdfb,#ddcbfb,#e17ef1,#d6c2fa,#f7f6f9,#1e1d20,#98949e,#6f7285,e6d93e2a705c56e42ee1e0a5c4e4e85deb4d1d2b25e094b4c429afbd4cc7dfdf
Base4Tone Classic S,,dark,#1f1d20,#d64f3d,#7e70e6,#aba1f7,#c27eed,#e963b8,#9488f2,#ebe8ed,#0b070d,#eb8275,#b7aff8,#d1cbfb,#e6c8f9,#f17ec7,#e0baf7,#f8f6f9,#1f1d20,#9a949e,#767481,6f3efc6f0ad983b965d5f0c337b6b40d17d2b83a75b4ac1e0825120a32fe4741
Base4Tone Classic T,,dark,#201d20,#ce672c,#9263e3,#b792f6,#db75eb,#e96396,#a57af0,#ede8ed,#0c070d,#e78b55,#c0a1f7,#d6c2fa,#f1c3f8,#f17eaa,#edb1f6,#f8f6f9,#201d20,#9d949e,#797481,62bc09823b9e64a9d2da9b737558fc5dd8ae5a19d4330d77bf06b8dff3ccbb58
Base4Tone Classic U,,dark,#201d20,#ce672c,#aa52e0,#c988f2,#eb75dd,#e96375,#ba6cea,#ede8ed,#0d070c,#e78b55,#d19af4,#e0baf7,#f8c3f2,#f17e8e,#f6b1ee,#f9f6f8,#201d20,#9e949d,#7c7481,913ca8fe38bffa378c4f607f3752b4f54ac319614d3f1b1a9f80134e058e539f
Base4Tone Classic W,,dark,#201d1e,#b87305,#ca45de,#e17ef1,#eb75a2,#e97263,#d763e9,#ede8ea,#0d080a,#e6971a,#e691f3,#edb1f6,#f8bfd5,#f18c7e,#f6b1cc,#f9f6f7,#201d1e,#9e9498,#7f7481,6f0fe2ee584ef505df442d9ca3e9a0184dfccdf669c4cd0f30eab7da12b66933
Base4Tone Modern C,,dark,#221f1c,#5c6feb,#dd407c,#f17eaa,#e6971a,#1bbba6,#e96396,#eeebe8,#0d0b07,#929ff7,#f391b6,#f6b1cc,#f5d8a8,#1ed2ba,#f3cd91,#f9f8f6,#221f1c,#a39b8f,#817479,83c07561888ace2038fae406804a61c91350d0d4eed09e33e2dfeb7c8af28073
Base4Tone Modern N,,dark,#1a2023,#d53975,#a48f04,#dcc218,#47b5f5,#8493f6,#c1aa15,#e8ebee,#070b0d,#eb75a2,#e6ca1a,#f2e58c,#bbe4fb,#a0acf8,#b1e0fb,#f6f8f9,#1a2023,#8a9da8,#85826f,373c6a4e8b12c2ff97daf91dfe61fd8254d54277e0332005f38b0454b6f0e164
Base4Tone Modern W,,dark,#201d1e,#21a00d,#1398aa,#3ccadd,#eb75a2,#e97263,#23b4c7,#ede8ea,#0d080a,#39c723,#5ad2e2,#a4e6ef,#f8bfd5,#f18c7e,#f6b1cc,#f9f6f7,#201d1e,#9e9498,#6a878a,e38b8ad41ae1054381e6f04add2c4eac639807db01815d11d591d3c407abfae0
Belafonte Day,,light,#20111B,#BE100E,#858162,#EAA549,#426A79,#97522C,#989A9C,#968C83,#5E5252,#BE100E,#858162,#EAA549,#426A79,#97522C,#989A9C,#D5CCBA,#D5CCBA,#45373C,#45373C,193e9404db786b473e84346cb29042903dc25ef37cb21dd3e0a13a6fc7f8ed1f
Belafonte Night,,dark,#20111B,#BE100E,#858162,#EAA549,#426A79,#97522C,#989A9C,#968C83,#5E5252,#BE100E,#858162,#EAA549,#426A79,#97522C,#989A9C,#D5CCBA,#20111B,#968C83,#968C83,741b7d56478a912043499d9fa4e01ec8b696827359ef9c6f3cd636ce573cb39f
Bim,,dark,#2C2423,#F557A0,#A9EE55,#F5A255,#5EA2EC,#A957EC,#5EEEA0,#918988,#918988,#F579B2,#BBEE78,#F5B378,#81B3EC,#BB79EC,#81EEB2,#F5EEEC,#012849,#A9BED8,#A9BED8,06d81f7bab830e63765a657b468c1c93fa569923b92099447b54129581a6301b
Birds Of Paradise,,dark,#573D26,#BE2D26,#6BA18A,#E99D2A,#5A86AD,#AC80A6,#74A6AD,#E0DBB7,#9B6C4A,#E84627,#95D8BA,#D0D150,#B8D3ED,#D19ECB,#93CFD7,#FFF9D5,#2A1F1D,#E0DBB7,#E0DBB7,002634bc0f6f10f8887c85463175507fd86d143436cdb391320491551b62fe60
Blazer,,dark,#000000,#B87A7A,#7AB87A,#B8B87A,#7A7AB8,#B87AB8,#7AB8B8,#D9D9D9,#262626,#DBBDBD,#BDDBBD,#DBDBBD,#BDBDDB,#DBBDDB,#BDDBDB,#FFFFFF,#0D1926,#D9E6F2,#D9E6F2,f19e82c4972474f5be70ce01e5dc09ce9fc88f1b815d5e28bbb6a57e7e89437e
Blue Dolphin,,dark,#292D3E,#FF8288,#B4E88D,#F4D69F,#82AAFF,#E9C1FF,#89EBFF,#D0D0D0,#434758,#FF8B92,#DDFFA7,#FFE585,#9CC4FF,#DDB0F6,#A3F7FF,#FFFFFF,#006984,#C5F2FF,#FFCC00,bdf4f6fd400941905e984750c8f395e077ec9675cdb9f5bed70b90247ce0a60d
Blue Moon,kyazdani42 (https://github.com/kyazdani42/blue-moon),dark,#353b52,#d06178,#b4c4b4,#cfcfbf,#959dcb,#b9a3eb,#89bbdd,#ffffff,#8796b0,#e61f44,#acfab4,#dfdf9f,#b8bcf3,#b9a3eb,#89ddff,#ffffff,#1b1e2b,#676e96,#676e96,7640830fb24638bc0a6c44a20dc406103e33b0b3a577275b2a62bd2b70594b25
Blue Moon Light,kyazdani42 (https://github.com/kyazdani42/blue-moon),dark,#292d3e,#d06179,#d0e7d0,#cfcfbf,#959dcb,#a9a3db,#89bbdd,#ffffff,#292d3e,#d06179,#d0e7d0,#cfcfbf,#959dcb,#a9a3db,#89bbdd,#ffffff,#32374d,#fbfbfb,#fbfbfb,2040a08e5b76c408fdfc69158a67c4d6e69ca3a0c8c903870a159d9257c28ceb
Bluloco Light,,light,#373A41,#D52753,#23974A,#DF631C,#275FE4,#823FF1,#27618D,#BABBC2,#676A77,#FF6480,#3CBC66,#C5A332,#0099E1,#CE33C0,#6D93BB,#D3D3D3,#F9F9F9,#373A41,#F32759,ddc16c837873f9fba455fc951fde5d3516609f6735ee383111ff87bcc9508410
Bluloco Zsh Light,,light,#E4E5F1,#D52753,#23974A,#DF631C,#275FE4,#823FF1,#27618D,#000000,#5794DE,#FF6480,#3CBC66,#C5A332,#0099E1,#CE33C0,#6D93BB,#26272D,#F9F9F9,#383A42,#383A42,4ba1535ecb473aea8cd43ef19a4b1e68cc8ed84541bbb08b17185fcff7aac4df
Borland,,dark,#4F4F4F,#FF6C60,#A8FF60,#FFFFB6,#96CBFE,#FF73FD,#C6C5FE,#EEEEEE,#7C7C7C,#FFB6B0,#CEFFAC,#FFFFCC,#B5DCFF,#FF9CFE,#DFDFFE,#FFFFFF,#0000A4,#FFFF4E,#FFFF4E,4ba3621f86a92cf3cfe31c58585574194b2329875602387d997f7eb4f5e7daf9
Breadog,,light,#362C24,#B10B00,#007232,#8B4C00,#005CB4,#9B0097,#006A78,#BAA99D,#514337,#DE1100,#008F40,#AE6000,#0074E1,#C300BD,#008697,#EAE1DA,#F1EBE6,#362C24,#362C24,72e7acfcd0c13cd5516dc825381d1a98b687f0c7854c12f3e558aef8b18101bf
Breath,,dark,#1E2229,#ED1515,#44853A,#F67400,#1D99F3,#9B59B6,#1ABC9C,#FCFCFC,#7F8C8D,#C0392B,#55A649,#FDBC4B,#3DAEE9,#8E44AD,#16A085,#FFFFFF,#1E2229,#17A88B,#17A88B,2937914510f50125cc8e634a1a00bfcde90bb08b8943c5ed437ca3d66adebaba
Breath Darker,,dark,#1E2229,#ED1515,#44853A,#F67400,#1D99F3,#9B59B6,#1ABC9C,#FCFCFC,#7F8C8D,#C0392B,#55A649,#FDBC4B,#3DAEE9,#8E44AD,#16A085,#FFFFFF,#080D14,#17A88B,#17A88B,a975dbce3878d7fff0dc4cf6b52100e7b22686895a260f12474ad0ce4af406e2
Breath Light,,light,#E8E8E8,#ED1515,#C0392B,#F67400,#1D99F3,#9B59B6,#1ABC9C,#FCFCFC,#7F8C8D,#C0392B,#55A649,#FDBC4B,#3DAEE9,#8E44AD,#16A085,#FFFFFF,#E8E8E8,#292F34,#292F34,25841ca0b884f17e6828f958b902886588d989a99dde8e53e86738a445a19d09
Breath Silverfox,,dark,#1E2229,#ED1515,#44853A,#F67400,#1D99F3,#9B59B6,#1ABC9C,#FCFCFC,#7F8C8D,#C0392B,#55A649,#FDBC4B,#3DAEE9,#8E44AD,#16A085,#FFFFFF,#1E2229,#BBBBBB,#BBBBBB,5340ad1740816fd8c4c0a9f69fcc650509db10b410d74df04f20b8e1f6c9fd7c
Breeze,,dark,#31363B,#ED1515,#11D116,#F67400,#1D99F3,#9B59B6,#1ABC9C,#EFF0F1,#7F8C8D,#C0392B,#1CDC9A,#FDBC4B,#3DAEE9,#8E44AD,#16A085,#FCFCFC,#31363B,#EFF0F1,#EFF0F1,350eb36c48c53390c3547b0cbcb818545022de1dcade30d2a935420aeb788a2e
Broadcast,,dark,#000000,#DA4939,#519F50,#FFD24A,#6D9CBE,#D0D0FF,#6E9CBE,#FFFFFF,#323232,#FF7B6B,#83D182,#FFFF7C,#9FCEF0,#FFFFFF,#A0CEF0,#FFFFFF,#2B2B2B,#E6E1DC,#E6E1DC,fd38178a1ab5c3ff14908ede934356efdc3040d117673e1d3e6f3e18e0f05ce4
Brogrammer,,dark,#1F1F1F,#F81118,#2DC55E,#ECBA0F,#2A84D2,#4E5AB7,#1081D6,#D6DBE5,#D6DBE5,#DE352E,#1DD361,#F3BD09,#1081D6,#5350B9,#0F7DDB,#FFFFFF,#131313,#D6DBE5,#D6DBE5,86fbdfff811a49df7f352ee3925f5824499bf0dad2ecd07a9db85c280beb00ef
Butrin,,dark,#8C7E78,#E68A8A,#99CC99,#FAD7A0,#6699CC,#C8A2C8,#6FC3B2,#E2CEBE,#BFACA4,#F2B1B1,#B2D8B2,#F7DCB4,#87CEFA,#D8BFD8,#64DBDB,#F2F2F2,#4B3B3C,#F2F2F2,#E39D93,526eaab3c1f2bc4abff4c81de0d252f940071536c4cad1f35efd6c9e6330cc19
C64,,dark,#090300,#883932,#55A049,#BFCE72,#40318D,#8B3F96,#67B6BD,#FFFFFF,#000000,#883932,#55A049,#BFCE72,#40318D,#8B3F96,#67B6BD,#F7F7F7,#40318D,#7869C4,#7869C4,0f8d580cd9b9b1a075ff51e51e374685dfee4e46d53e363d570de62c4012c695
Cai,,dark,#000000,#CA274D,#4DCA27,#CAA427,#274DCA,#A427CA,#27CAA4,#808080,#808080,#E98DA3,#A3E98D,#E9D48D,#8DA3E9,#D48DE9,#8DE9D4,#FFFFFF,#09111A,#D9E6F2,#D9E6F2,52205c3bb1ad335bf691adf3537e5142f470696881c3cf665e555a21a9ace0cd
Campbell,,dark,#0C0C0C,#C50F1F,#13A10E,#C19C00,#0037DA,#881798,#3A96DD,#CCCCCC,#767676,#E74856,#16C60C,#F9F1A5,#3B78FF,#B4009E,#61D6D6,#F2F2F2,#0C0C0C,#CCCCCC,#FFFFFF,f821d197882cd438151e9cffe8bbf194187adee146aa451f33f9d8bf9de55827
Catppuccin Frappé,,dark,#51576D,#E78284,#A6D189,#E5C890,#8CAAEE,#F4B8E4,#81C8BE,#B5BFE2,#626880,#EDA0A2,#B9DBA2,#ECD7AE,#ADC2F3,#F38ED8,#98D2CA,#A5ADCE,#303446,#C6D0F5,#F2D5CF,0971d433abdeb1d9706f87111f3e92d92e9a1c1d005c722b54bf31862afac6bd
Catppuccin Latte,,light,#BCC0CC,#D20F39,#40A02B,#DF8E1D,#1E66F5,#EA76CB,#179299,#5C5F77,#ACB0BE,#E7103F,#46B02F,#E49931,#3878F6,#EF95D7,#19A1A8,#6C6F85,#EFF1F5,#4C4F69,#DC8A78,6ac25ebb97dfed5586dbe503db6d5312893fd7872235b3a1b636a8514e48455e
Catppuccin Macchiato,,dark,#494D64,#ED8796,#A6DA95,#EED49F,#8AADF4,#F5BDE6,#8BD5CA,#B8C0E0,#5B6078,#F2A7B2,#BDE3B0,#F4E3C1,#ADC5F7,#F493DA,#A5DED6,#A5ADCB,#24273A,#CAD3F5,#F4DBD6,68b1935047c0ac96734a7e02fae7b4c7966f32bcd31cdae36c56ff888c9b9eb8
Catppuccin Mocha,,dark,#45475A,#F38BA8,#A6E3A1,#F9E2AF,#89B4FA,#F5C2E7,#94E2D5,#BAC2DE,#585B70,#F7AEC2,#C2ECBF,#FCD682,#AECCFC,#F398DA,#B1EAE1,#A6ADC8,#1E1E2E,#CDD6F4,#F5E0DC,e0156ee1b2446265f22dd110178f5a85bef48c09c82197da7cacdff451b4225d
Chalk,,dark,#7D8B8F,#B23A52,#789B6A,#B9AC4A,#2A7FAC,#BD4F5A,#44A799,#D2D8D9,#888888,#F24840,#80C470,#FFEB62,#4196FF,#FC5275,#53CDBD,#D2D8D9,#2B2D2E,#D2D8D9,#708284,325ca8bcf15a0d69aac0b674fb9d00ca23505b74633284e02e1a146a46d128d8
Chalkboard,,dark,#000000,#C37372,#72C373,#C2C372,#7372C3,#C372C2,#72C2C3,#D9D9D9,#323232,#DBAAAA,#AADBAA,#DADBAA,#AAAADB,#DBAADA,#AADADB,#FFFFFF,#29262F,#D9E6F2,#D9E6F2,e69bea701570f8db1b5d13abfd3a1478ea02a15210c5a3c1bb1f33c67a643840
Chameleon,,dark,#2C2C2C,#CC231C,#689D69,#D79922,#366B71,#4E5165,#458587,#C8BB97,#777777,#CC231C,#689D69,#D79922,#366B71,#4E5165,#458587,#C8BB97,#2C2C2C,#DEDEDE,#DEDEDE,2db718be23c2973563a60d49d5322527cc7451035a1cbbf4ac495c6fdb23d748
Ciapre,,dark,#181818,#810009,#48513B,#CC8B3F,#576D8C,#724D7C,#5C4F4B,#AEA47F,#555555,#AC3835,#A6A75D,#DCDF7C,#3097C6,#D33061,#F3DBB2,#F4F4F4,#191C27,#AEA47A,#AEA47A,c570965b7350fb0afe2b188b20c4d0194740aa32200827efd0bff928275f76ad
City Lights,,dark,#41505E,#D95468,#8BD49C,#EBBF83,#539AFC,#B62D65,#70E1E8,#FFFFFF,#41505E,#D95468,#8BD49C,#EBBF83,#539AFC,#B62D65,#70E1E8,#FFFFFF,#171D23,#FFFFFF,#008B94,2dc804161ecf550a06f196e6b61105279a20b7ef22694b01a5daf8ac4f7a0d68
Clone Of Ubuntu,,dark,#2E3436,#CC0000,#4E9A06,#C4A000,#3465A4,#75507B,#06989A,#D3D7CF,#555753,#EF2929,#8AE234,#FCE94F,#729FCF,#AD7FA8,#34E2E2,#EEEEEC,#300A24,#FFFFFF,#FFFFFF,e612228d614a0b0338e0de749ce24809199a196dc9e99cb76a9d56f29e330484
Clrs,,light,#000000,#F8282A,#328A5D,#FA701D,#135CD0,#9F00BD,#33C3C1,#B3B3B3,#555753,#FB0416,#2CC631,#FDD727,#1670FF,#E900B0,#3AD5CE,#EEEEEC,#FFFFFF,#262626,#262626,36aedbed394cf06d0da876a311aac221b97e3c6ccb9d0c8d24bdec9f72267cff
Cobalt 2,,dark,#000000,#FF0000,#38DE21,#FFE50A,#1460D2,#FF005D,#00BBBB,#BBBBBB,#555555,#F40E17,#3BD01D,#EDC809,#5555FF,#FF55FF,#6AE3FA,#FFFFFF,#132738,#FFFFFF,#FFFFFF,80115e7fc6a50a9c8b022850b700cb2129ea08cb64dbf51ba26cf0bc17628c63
Cobalt Neon,,dark,#142631,#FF2320,#3BA5FF,#E9E75C,#8FF586,#781AA0,#8FF586,#BA46B2,#FFF688,#D4312E,#8FF586,#E9F06D,#3C7DD2,#8230A7,#6CBC67,#8FF586,#142838,#8FF586,#8FF586,35904ee224cd50043fd9a29641882941de0f9e460a79a841b01a2d8087f8eb59
Colorcli,,light,#000000,#D70000,#5FAF00,#5FAF00,#005F87,#D70000,#5F5F5F,#E4E4E4,#5F5F5F,#D70000,#5F5F5F,#FFFF00,#0087AF,#0087AF,#0087AF,#FFFFFF,#FFFFFF,#005F87,#005F87,a350d4bfa79c0877b937329acd426ffc9bd58f58f0debe5df9a2e32b721813d3
Crayon Pony Fish,,dark,#2B1B1D,#91002B,#579524,#AB311B,#8C87B0,#692F50,#E8A866,#68525A,#3D2B2E,#C5255D,#8DFF57,#C8381D,#CFC9FF,#FC6CBA,#FFCEAF,#B0949D,#150707,#68525A,#68525A,062bd6d62bda9614aec156b185a84f7c787a08949add59e90641da1435181ad4
Dark Pastel,,dark,#000000,#FF5555,#55FF55,#FFFF55,#5555FF,#FF55FF,#55FFFF,#BBBBBB,#555555,#FF5555,#55FF55,#FFFF55,#5555FF,#FF55FF,#55FFFF,#FFFFFF,#000000,#FFFFFF,#FFFFFF,c0135de73ae2c6d1860daefa6514e824644decd28e027fac6f17677584ce468e
Darkside,,dark,#000000,#E8341C,#68C256,#F2D42C,#1C98E8,#8E69C9,#1C98E8,#BABABA,#000000,#E05A4F,#77B869,#EFD64B,#387CD3,#957BBE,#3D97E2,#BABABA,#222324,#BABABA,#BABABA,af42bd3fc0bd85a1a2f292300cbbe12aa4ee77ae26fb0ad751a747ba9a114a80
Dehydration,,dark,#333333,#FF5555,#5FD38D,#FF9955,#3771C8,#BC5FD3,#5FD3BC,#999999,#666666,#FF8080,#87DEAA,#FFB380,#5F8DD3,#CD87DE,#87DECD,#CCCCCC,#333333,#CCCCCC,#CCCCCC,f89dc4a38e4399fe6dbec705f266a98583210dc94b8e5c65cd5402de7c843075
Desert,,dark,#4D4D4D,#FF2B2B,#98FB98,#F0E68C,#CD853F,#FFDEAD,#FFA0A0,#F5DEB3,#555555,#FF5555,#55FF55,#FFFF55,#87CEFF,#FF55FF,#FFD700,#FFFFFF,#333333,#FFFFFF,#FFFFFF,4d8fa9279d7f8215e1e5e251e8ae1a8ecca792920bb1696f01837c4c24daf856
Dimmed Monokai,,dark,#3A3D43,#BE3F48,#879A3B,#C5A635,#4F76A1,#855C8D,#578FA4,#B9BCBA,#888987,#FB001F,#0F722F,#C47033,#186DE3,#FB0067,#2E706D,#FDFFB9,#1F1F1F,#B9BCBA,#B9BCBA,7a0401567ef296d358c00c1332904b7f6838faa114274c5cee73065a78f3127c
Dissonance,,dark,#000000,#DC322F,#56DB3A,#FF8400,#0084D4,#B729D9,#CCCCFF,#FFFFFF,#D6DBE5,#DC322F,#56DB3A,#FF8400,#0084D4,#B729D9,#CCCCFF,#FFFFFF,#000000,#FFFFFF,#DC322F,32c110efde447171933baf0c3c62286d8e86b1f918b50c2e6bb768aadc2a4f0c
Doom One,Henrik Lissner,dark,#000000,#FF6C6B,#98BE65,#ECBE7B,#A9A1E1,#C678DD,#51AFEF,#BBC2CF,#000000,#FF6655,#99BB66,#ECBE7B,#A9A1E1,#C678DD,#51AFEF,#BFBFBF,#282C34,#BBC2CF,#51AFEF,4a794947702f5c22b63f17ca31f885bed1b0270dade3191b1a72bf694d057dfc
Dracula,Dracula (https://draculatheme.com),dark,#21222C,#FF5555,#50FA7B,#F1FA8C,#BD93F9,#FF79C6,#8BE9FD,#F8F8F2,#6272A4,#FF6E6E,#69FF94,#FFFFA5,#D6ACFF,#FF92DF,#A4FFFF,#FFFFFF,#282A36,#F8F8F2,#F8F8F2,22e4aaf2436bcc4f348da502a5cb49275041775e7e073784c51e160c854c9a2f
Earthsong,,dark,#121418,#C94234,#85C54C,#F5AE2E,#1398B9,#D0633D,#509552,#E5C6AA,#675F54,#FF645A,#98E036,#E0D561,#5FDAFF,#FF9269,#84F088,#F6F7EC,#292520,#E5C7A9,#E5C7A9,0cec02de6fe43c707a91f35ab848533ecb128b92d5c375dde49cef5ee1821cfa
Elemental,,dark,#3C3C30,#98290F,#479A43,#7F7111,#497F7D,#7F4E2F,#387F58,#807974,#555445,#E0502A,#61E070,#D69927,#79D9D9,#CD7C54,#59D599,#FFF1E9,#22211D,#807A74,#807A74,32eb3defe069d8b09f49bc79fdcb8c07c502e4c9e57b5a41cd03f1c7a5bda388
Elementary,,dark,#242424,#D71C15,#5AA513,#FDB40C,#063B8C,#E40038,#2595E1,#EFEFEF,#4B4B4B,#FC1C18,#6BC219,#FEC80E,#0955FF,#FB0050,#3EA8FC,#8C00EC,#181818,#EFEFEF,#BBBBBB,df1327883416226ae81ab72997e3a726d2fd557ebb33b8fe9879cbf018abac6f
Elic,,dark,#303030,#E1321A,#6AB017,#FFC005,#729FCF,#EC0048,#F2F2F2,#2AA7E7,#5D5D5D,#FF361E,#7BC91F,#FFD00A,#0071FF,#FF1D62,#4BB8FD,#A020F0,#4A453E,#F2F2F2,#F2F2F2,38b06434ea62359994af4d72323f6068cf8789ba6b8bce080b8a1d3a160e634a
Elio,,dark,#303030,#E1321A,#6AB017,#FFC005,#729FCF,#EC0048,#2AA7E7,#F2F2F2,#5D5D5D,#FF361E,#7BC91F,#FFD00A,#0071FF,#FF1D62,#4BB8FD,#A020F0,#041A3B,#F2F2F2,#F2F2F2,457c13fcdaee6a49e65cb3a7de7b04678e33b5c695d0d94aec17cd5df2f324c4
Espresso,,dark,#353535,#D25252,#A5C261,#FFC66D,#6C99BB,#D197D9,#BED6FF,#EEEEEC,#535353,#F00C0C,#C2E075,#E1E48B,#8AB7D9,#EFB5F7,#DCF4FF,#FFFFFF,#323232,#FFFFFF,#FFFFFF,be4d92b7daf2a1daf60e67f9a7e3b074e83be18da965ce68295d409455a88b17
Espresso Libre,,dark,#000000,#CC0000,#1A921C,#F0E53A,#0066FF,#C5656B,#06989A,#D3D7CF,#555753,#EF2929,#9AFF87,#FFFB5C,#43A8ED,#FF818A,#34E2E2,#EEEEEC,#2A211C,#B8A898,#B8A898,187cf3988f8d2218a904e6602face38a6c68ae4c28b6f951d7817f78520b21d4
Everblush,,dark,#232A2D,#E57474,#8CCF7E,#E5C76B,#67B0E8,#C47FD5,#6CBFBF,#B3B9B8,#2D3437,#EF7E7E,#96D988,#F4D67A,#71BAF2,#CE89DF,#67CBE7,#BDC3C2,#141B1E,#DADADA,#DADADA,d79860b9c96956220dae4e4db9be8063d744b27c29802c25e09662e7d751d425
Everforest Dark Hard,,dark,#7A8478,#E67E80,#A7C080,#DBBC7F,#7FBBB3,#D699B6,#83C092,#F2EFDF,#A6B0A0,#F85552,#8DA101,#DFA000,#3A94C5,#DF69BA,#35A77C,#FFFBEF,#1E2326,#D3C6AA,#E69875,d854ab50c4a0a3d7140862e213f96a01e17653c352b16766747165e73def3c52
Everforest Dark Medium,,dark,#343F44,#E67E80,#A7C080,#DBBC7F,#7FBBB3,#D699B6,#83C092,#D3C6AA,#5C6A72,#F85552,#8DA101,#DFA000,#3A94C5,#DF69BA,#35A77C,#DFDDC8,#2D353B,#D3C6AA,#D3C6AA,e29af56ae85f42e26fe09cb05ab888d9be6f7e20ab572f6d13b7dbd8ecf42475
Everforest Dark Soft,,dark,#7A8478,#E67E80,#A7C080,#DBBC7F,#7FBBB3,#D699B6,#83C092,#F2EFDF,#A6B0A0,#F85552,#8DA101,#DFA000,#3A94C5,#DF69BA,#35A77C,#FFFBEF,#293136,#D3C6AA,#E69875,d7fa941200d47cc3a118ca469bcbd603ea836c3e177b43e54880b1280f8ea018
Everforest Light Hard,,light,#7A8478,#E67E80,#A7C080,#DBBC7F,#7FBBB3,#D699B6,#83C092,#F2EFDF,#A6B0A0,#F85552,#8DA101,#DFA000,#3A94C5,#DF69BA,#35A77C,#FFFBEF,#F2EFDF,#5C6A72,#F57D26,5e2848934cfaec42ed199eff2be8f6648b38c9fd3c847547c77b5321054dd620
Everforest Light Medium,,light,#5C6A72,#F85552,#8DA101,#DFA000,#3A94C5,#DF69BA,#35A77C,#DFDDC8,#343F44,#E67E80,#A7C080,#DBBC7F,#7FBBB3,#D699B6,#83C092,#D3C6AA,#FDF6E3,#5C6A72,#5C6A72,ee6dcbdf70198b0d5106fef9e0a1e79253936bda4934e8ad177aa21888689be6
Everforest Light Soft,,light,#7A8478,#E67E80,#A7C080,#DBBC7F,#7FBBB3,#D699B6,#83C092,#F2EFDF,#A6B0A0,#F85552,#8DA101,#DFA000,#3A94C5,#DF69BA,#35A77C,#FFFBEF,#E5DFC5,#5C6A72,#F57D26,032239e0d796137548db054d1fdf8b6c1618f9889c94ab418416da62d1778ed6
Fairy Floss,,dark,#040303,#F92672,#C2FFDF,#E6C000,#C2FFDF,#FFB8D1,#C5A3FF,#F8F8F0,#6090CB,#FF857F,#C2FFDF,#FFEA00,#C2FFDF,#FFB8D1,#C5A3FF,#F8F8F0,#5A5475,#F8F8F2,#F8F8F0,0968092457ae81bb1f416c1acaa602138e5737fb46528fa8d537f997566aa64f
Fairy Floss Dark,,dark,#42395D,#A8757B,#FF857F,#E6C000,#AE81FF,#716799,#C2FFDF,#F8F8F2,#75507B,#FFB8D1,#F1568E,#D5A425,#C5A3FF,#8077A8,#C2FFFF,#F8F8F0,#42395D,#C2FFDF,#FFB8D1,52d71a6734eb78a8908fa1473d2a232aead5181cd726639756be5c93f4bf4bdc
Fishtank,,dark,#03073C,#C6004A,#ACF157,#FECD5E,#525FB8,#986F82,#968763,#ECF0FC,#6C5B30,#DA4B8A,#DBFFA9,#FEE6A9,#B2BEFA,#FDA5CD,#A5BD86,#F6FFEC,#232537,#ECF0FE,#ECF0FE,7ce78a91a5d115850dec752e09e2b94d88c36e81d58dfdaf0b774e83d9eeacce
Flat,,dark,#222D3F,#A82320,#32A548,#E58D11,#3167AC,#781AA0,#2C9370,#B0B6BA,#212C3C,#D4312E,#2D9440,#E5BE0C,#3C7DD2,#8230A7,#35B387,#E7ECED,#002240,#2CC55D,#E5BE0C,b14d6f39096e93478d8677926101aa9ff30ca9fb001d2c169ca1c3cd15e8f8e0
Flat Remix,,dark,#1F2229,#D41919,#5EBDAB,#FEA44C,#367BF0,#BF2E5D,#49AEE6,#E6E6E6,#8C42AB,#EC0101,#47D4B9,#FF8A18,#277FFF,#D71655,#05A1F7,#FFFFFF,#272A34,#FFFFFF,#FFFFFF,ace6635738283f415cd75421f1305fa30218d6d77117b05da973bf543c2662fb
Flatland,,dark,#1D1D19,#F18339,#9FD364,#F4EF6D,#5096BE,#695ABC,#D63865,#FFFFFF,#1D1D19,#D22A24,#A7D42C,#FF8949,#61B9D0,#695ABC,#D63865,#FFFFFF,#1D1F21,#B8DBEF,#B8DBEF,56ccbc50b02a7a294093765e2b933badc2c772bd350a791f20192bfa57594bad
Flexoki Dark,,dark,#100F0F,#D14D41,#879A39,#D0A215,#4385BE,#CE5D97,#3AA99F,#878580,#575653,#AF3029,#66800B,#AD8301,#205EA6,#A02F6F,#24837B,#CECDC3,#100F0F,#CECDC3,#CECDC3,d0a48e3d675090c2a2912895880cff8c7c5e412f093d4bb43046a613d7a92f46
Flexoki Light,,light,#100F0F,#AF3029,#66800B,#AD8301,#205EA6,#A02F6F,#24837B,#6F6E69,#B7B5AC,#D14D41,#879A39,#D0A215,#4385BE,#CE5D97,#3AA99F,#CECDC3,#FFFCF0,#100F0F,#100F0F,ac1a84d56bd7b0f780b1639ca8e3a23dc2f52170df2232a7653515495d4c9051
Foxnightly,,dark,#2A2A2E,#B98EFF,#FF7DE9,#729FCF,#66A05B,#75507B,#ACACAE,#FFFFFF,#A40000,#BF4040,#66A05B,#FFB86C,#729FCF,#8F5902,#C4A000,#5C3566,#2A2A2E,#D7D7DB,#D7D7DB,358190ee8227463c425ea06bcd5944ba84fe4042ff5ac9319fb594beca29b482
Freya,,dark,#073642,#DC322F,#859900,#B58900,#268BD2,#EC0048,#2AA198,#94A3A5,#586E75,#CB4B16,#859900,#B58900,#268BD2,#D33682,#2AA198,#6C71C4,#252E32,#94A3A5,#839496,89ede0c87032cb0c893dc9b7b5432f1d4f2606a89501c03c349fb0305004ae9e
Frontend Delight,,dark,#242526,#F8511B,#565747,#FA771D,#2C70B7,#F02E4F,#3CA1A6,#ADADAD,#5FAC6D,#F74319,#74EC4C,#FDC325,#3393CA,#E75E4F,#4FBCE6,#8C735B,#1B1C1D,#ADADAD,#ADADAD,ecad697192ff922f15f8c1f1fb3f53b37744f02034bfe9adaa86e957bba3c75a
Fun Forrest,,dark,#000000,#D6262B,#919C00,#BE8A13,#4699A3,#8D4331,#DA8213,#DDC265,#7F6A55,#E55A1C,#BFC65A,#FFCB1B,#7CC9CF,#D26349,#E6A96B,#FFEAA3,#251200,#DEC165,#DEC165,68c34422d147e9e879567db9159705a59645dc3c376ab9f927937f20724b787f
Galaxy,,dark,#000000,#F9555F,#21B089,#FEF02A,#589DF6,#944D95,#1F9EE7,#BBBBBB,#555555,#FA8C8F,#35BB9A,#FFFF55,#589DF6,#E75699,#3979BC,#FFFFFF,#1D2837,#FFFFFF,#FFFFFF,1cefa163fd95578b0c124c3555ca5b5f4deb57c90ae5cf806ff527f84d5d9697
Geohot,,dark,#F9F5F5,#CC0000,#1F1E1F,#ADA110,#FF004E,#75507B,#06919A,#FFFFFF,#555753,#EF2929,#FF0000,#ADA110,#5F4AA6,#B74438,#408F0C,#FFFFFF,#1F1E1F,#FFFFFF,#FFFFFF,8e66d830c23c1d8d6de878f17f6510919849c77ab9364915f6e9b4156b48e0a4
Github Dark,,dark,#000000,#F78166,#56D364,#E3B341,#6CA4F8,#DB61A2,#2B7489,#FFFFFF,#4D4D4D,#F78166,#56D364,#E3B341,#6CA4F8,#DB61A2,#2B7489,#FFFFFF,#101216,#8B949E,#C9D1D9,aba4b72eefb859e2ff4166809a63b1b18e91d6a5c5b731ec67c24cce37dee58a
Github Light,,light,#24292f,#cf222e,#1a7f37,#9a6700,#0969da,#8250df,#1b7c83,#6e7781,#57606a,#a40e26,#2da44e,#bf8700,#218bff,#a475f9,#3192aa,#8c959f,#f6f8fa,#1f2328,#1f2328,595ee5f5aa1ed0fed051764d411097a28caa706e1940480974b8b7a544c92ff6
Gogh,,dark,#292D3E,#F07178,#62DE84,#FFCB6B,#75A1FF,#F580FF,#60BAEC,#ABB2BF,#959DCB,#F07178,#C3E88D,#FF5572,#82AAFF,#FFCB6B,#676E95,#FFFEFE,#292D3E,#BFC7D5,#BFC7D5,ec8143ac8495f6e8577f10e922254cbd7883df4fd117ebd9833337fd5dc68bcf
Gooey,,dark,#000009,#BB4F6C,#72CCAE,#C65E3D,#58B6CA,#6488C4,#8D84C6,#858893,#1F222D,#EE829F,#A5FFE1,#F99170,#8BE9FD,#97BBF7,#C0B7F9,#FFFFFF,#0D101B,#EBEEF9,#EBEEF9,8414f4c16b48e6e7c8ae356fbda99d0f8a30976a80987cdba430b32c0909c213
Google Dark,,dark,#202124,#EA4335,#34A853,#FBBC04,#4285F4,#A142F4,#24C1E0,#E8EAED,#5F6368,#EA4335,#34A853,#FBBC05,#4285F4,#A142F4,#24C1E0,#FFFFFF,#202124,#E8EAED,#E8EAED,ce43e1f64fec7f9150d77401ebe8f11b508ecd340eb9ad155be861be0abdd96a
Google Light,,light,#202124,#EA4335,#34A853,#FBBC04,#4285F4,#A142F4,#24C1E0,#E8EAED,#5F6368,#EA4335,#34A853,#FBBC05,#4285F4,#A142F4,#24C1E0,#FFFFFF,#FFFFFF,#5F6368,#5F6368,92bd453c21c2605522ad77bace2f9a5bd5a60a4ddc6f8b50764043bd44a7b158
Gotham,,dark,#0A0F14,#C33027,#26A98B,#EDB54B,#195465,#4E5165,#33859D,#98D1CE,#10151B,#D26939,#081F2D,#245361,#093748,#888BA5,#599CAA,#D3EBE9,#0A0F14,#98D1CE,#98D1CE,a1385c63c364574d96fcff969a3d7cae3ebcbefe8a2cab65a9c3843e34d28634
Grape,,dark,#2D283F,#ED2261,#1FA91B,#8DDC20,#487DF4,#8D35C9,#3BDEED,#9E9EA0,#59516A,#F0729A,#53AA5E,#B2DC87,#A9BCEC,#AD81C2,#9DE3EB,#A288F7,#171423,#9F9FA1,#9F9FA1,0a72ef136a1a569fe08868cef9838462110f34b4f9f1384f85af5e7cc1969684
Grass,,dark,#000000,#BB0000,#00BB00,#E7B000,#0000A3,#950062,#00BBBB,#BBBBBB,#555555,#BB0000,#00BB00,#E7B000,#0000BB,#FF55FF,#55FFFF,#FFFFFF,#13773D,#FFF0A5,#FFF0A5,484311ae83dc7accfeb5dba05c70fa5a16ee8f167b6dcc9d6fbcd89dca2f3db5
Gruvbox Dark,,dark,#282828,#CC241D,#98971A,#D79921,#458588,#B16286,#689D6A,#A89984,#928374,#FB4934,#B8BB26,#FABD2F,#83A598,#D3869B,#8EC07C,#EBDBB2,#282828,#EBDBB2,#EBDBB2,12b2430266afabc534de0f188bef7819c4def673e404b3079a7665a1a7392378
Gruvbox Light,,light,#FBF1C7,#CC241D,#98971A,#D79921,#458588,#B16286,#689D6A,#7C6F64,#928374,#9D0006,#79740E,#B57614,#076678,#8F3F71,#427B58,#3C3836,#FBF1C7,#3C3836,#3C3836,554805e627b69a53467897e5b15717e75b11b08b123c61612e4937fdcbf2a9d6
Gruvbox Material Dark,,dark,#282828,#EA6962,#A9B665,#D8A657,#7DAEA3,#D3869B,#89B482,#D4BE98,#7C6F64,#EA6962,#A9B665,#D8A657,#7DAEA3,#D3869B,#89B482,#DDC7A1,#282828,#D4BE98,#D4BE98,21929037d1819b98c516f873eaae88d63901e8db1b004a3e4e70ed7d80a41e83
Gruvbox Material Light,,light,#FBF1C7,#C14A4A,#6C782E,#B47109,#45707A,#945E80,#4C7A5D,#654735,#A89984,#C14A4A,#6C782E,#B47109,#45707A,#945E80,#4C7A5D,#4F3829,#FBF1C7,#654735,#654735,428acda8f63805a2e0393dd83e2a2284cfb863aba8b762820a962f5129d3e20c
Guezwhoz,Egor Lem (http://egorlem.com),dark,#333333,#E85181,#7AD694,#B7D074,#5AA0D6,#9A90E0,#58D6CE,#D9D9D9,#808080,#e85181,#AFD7AF,#d1ed85,#64B2ED,#A398ED,#61EDE4,#EDEDED,#1d1d1d,#d9d9d9,#99d4b1,de7998617e80b359e0dad9aa147528ef4693f0f4706e77d82ce4ed5746b0b1f7
Hardcore,,dark,#1B1D1E,#F92672,#A6E22E,#FD971F,#66D9EF,#9E6FFE,#5E7175,#CCCCC6,#505354,#FF669D,#BEED5F,#E6DB74,#66D9EF,#9E6FFE,#A3BABF,#F8F8F2,#121212,#A0A0A0,#A0A0A0,662719a418ad3883dc7b331a0fa12e5c4537927bcdc96d50fc686736f0fecc4a
Harper,,dark,#010101,#F8B63F,#7FB5E1,#D6DA25,#489E48,#B296C6,#F5BFD7,#A8A49D,#726E6A,#F8B63F,#7FB5E1,#D6DA25,#489E48,#B296C6,#F5BFD7,#FEFBEA,#010101,#A8A49D,#A8A49D,a3a291728b7aaeffd0311064de6495d0e35cf9b0b6ef41ecc8274b635af37e5a
Hemisu Dark,,dark,#444444,#FF0054,#B1D630,#9D895E,#67BEE3,#B576BC,#569A9F,#EDEDED,#777777,#D65E75,#BAFFAA,#ECE1C8,#9FD3E5,#DEB3DF,#B6E0E5,#FFFFFF,#000000,#FFFFFF,#BAFFAA,a983879a82454eec927bb736cb3200b15b829a757e3fcc449384fb57c1f404a9
Hemisu Light,,light,#777777,#FF0055,#739100,#503D15,#538091,#5B345E,#538091,#999999,#999999,#D65E76,#9CC700,#947555,#9DB3CD,#A184A4,#85B2AA,#BABABA,#EFEFEF,#444444,#FF0054,2d755ebe93203d9d7bb63843d87e8fb6ea88be6c0d43da6e365f10bdc4a37752
Highway,,dark,#000000,#D00E18,#138034,#FFCB3E,#006BB3,#6B2775,#384564,#EDEDED,#5D504A,#F07E18,#B1D130,#FFF120,#4FC2FD,#DE0071,#5D504A,#FFFFFF,#222225,#EDEDED,#EDEDED,5169c4931afe44239fbca73c7a86c9b61e8ef56b1daa22440cf7c3680bf0d8e9
Hipster Green,,dark,#000000,#B6214A,#00A600,#BFBF00,#246EB2,#B200B2,#00A6B2,#BFBFBF,#666666,#E50000,#86A93E,#E5E500,#0000FF,#E500E5,#00E5E5,#E5E5E5,#100B05,#84C138,#84C138,6b46c7f5c50bb7691f5425b67aecc3e5645235a5e91bc28e96385e72a70e5e20
Homebrew,,dark,#000000,#990000,#00A600,#999900,#0000B2,#B200B2,#00A6B2,#BFBFBF,#666666,#E50000,#00D900,#E5E500,#0000FF,#E500E5,#00E5E5,#E5E5E5,#000000,#00FF00,#00FF00,581b77c94f0b87f3381de706029d13c4e0263e6f25a234b863c5413410b62bd1
Horizon Bright,,light,#16161C,#E95678,#29D398,#FAB795,#26BBD9,#EE64AE,#59E3E3,#FDF0ED,#1A1C23,#EC6A88,#3FDAA4,#FBC3A7,#3FC6DE,#F075B7,#6BE6E6,#FFF3F0,#FBF0EE,#16161C,#F2D0C5,a7d8550bfeeeb78fa66b14debd310138d3901f6399e19b8b925c13e062fb85f1
Horizon Dark,,dark,#16161C,#E95678,#29D398,#FAB795,#26BBD9,#EE64AE,#59E3E3,#FADAD1,#232530,#EC6A88,#3FDAA4,#FBC3A7,#3FC6DE,#F075B7,#6BE6E6,#FDF0ED,#1C1E26,#FDF0ED,#FDF0ED,7d158f00e50a0730c4062c676a1b27c433fe4c3bdafb62b35303e946fee831fe
Hurtado,,dark,#575757,#FF1B00,#A5E055,#FBE74A,#496487,#FD5FF1,#86E9FE,#CBCCCB,#262626,#D51D00,#A5DF55,#FBE84A,#89BEFF,#C001C1,#86EAFE,#DBDBDB,#000000,#DBDBDB,#DBDBDB,f97ba368c82f83a337900ad2191096e4e250e6b4ef073e7ca01fa4562dafae12
Hybrid,,dark,#2A2E33,#B84D51,#B3BF5A,#E4B55E,#6E90B0,#A17EAC,#7FBFB4,#B5B9B6,#1D1F22,#8D2E32,#798431,#E58A50,#4B6B88,#6E5079,#4D7B74,#5A626A,#161719,#B7BCBA,#B7BCBA,c7819a8244448f0cab6c1517d152089c7ce93eb98131292fce81b6f6d1b2aa0b
Ibm 3270 (High Contrast),,dark,#000000,#FF0000,#00FF00,#FFFF00,#00BFFF,#FFC0CB,#40E0D0,#BEBEBE,#414141,#FFA500,#98FB98,#FFFF00,#0000CD,#A020F0,#AEEEEE,#FFFFFF,#000000,#FDFDFD,#FDFDFD,87d2775ec0b042fed3563dceaade7e3ee22cf82490e732ece8bb0b99d15f439e
Ibm3270,,dark,#222222,#F01818,#24D830,#F0D824,#7890F0,#F078D8,#54E4E4,#A5A5A5,#888888,#EF8383,#7ED684,#EFE28B,#B3BFEF,#EFB3E3,#9CE2E2,#FFFFFF,#000000,#FDFDFD,#FDFDFD,ec8110104c3e76aca7b743bc9be11917ca6c35888c25124a012951305eab991a
Ic Green Ppl,,dark,#014401,#FF2736,#41A638,#76A831,#2EC3B9,#50A096,#3CA078,#E6FEF2,#035C03,#B4FA5C,#AEFB86,#DAFA87,#2EFAEB,#50FAFA,#3CFAC8,#E0F1DC,#2C2C2C,#E0F1DC,#47FA6B,de5151ec8a3c170daba049c7dbf4877479a92f861ec1764e5055923c3dbf9d9f
Ic Orange Ppl,,dark,#000000,#C13900,#A4A900,#CAAF00,#BD6D00,#FC5E00,#F79500,#FFC88A,#6A4F2A,#FF8C68,#F6FF40,#FFE36E,#FFBE55,#FC874F,#C69752,#FAFAFF,#262626,#FFCB83,#FFCB83,71c5d1a519516bea4139834b87cbe05027beaad7922380c7aaf749ee153edf1f
Iceberg,,dark,#161821,#e27878,#b4be82,#e2a478,#84a0c6,#a093c7,#89b8c2,#c6c8d1,#6b7089,#e98989,#c0ca8e,#e9b189,#91acd1,#ada0d3,#95c4ce,#d2d4de,#161821,#c6c8d1,#d2d4de,dcffde4d69d07cd869a4d2e0f9297d5d538e693d75fd8f12af3176a2871c3d8a
Idle Toes,,dark,#323232,#D25252,#7FE173,#FFC66D,#4099FF,#F680FF,#BED6FF,#EEEEEC,#535353,#F07070,#9DFF91,#FFE48B,#5EB7F7,#FF9DFF,#DCF4FF,#FFFFFF,#323232,#FFFFFF,#FFFFFF,0f09bf33e10a1890f8b4156bf4351e76f0e00db2081417c98a4e21359140d09b
Ir Black,,dark,#4F4F4F,#FA6C60,#A8FF60,#FFFEB7,#96CAFE,#FA73FD,#C6C5FE,#EFEDEF,#7B7B7B,#FCB6B0,#CFFFAB,#FFFFCC,#B5DCFF,#FB9CFE,#E0E0FE,#FFFFFF,#000000,#F1F1F1,#808080,5f77c6c5d0f011436e7ce42d73b1fb3c170924ac1add0ad89aef0cde96b61ff4
Jackie Brown,,dark,#2C1D16,#EF5734,#2BAF2B,#BEBF00,#246EB2,#D05EC1,#00ACEE,#BFBFBF,#666666,#E50000,#86A93E,#E5E500,#0000FF,#E500E5,#00E5E5,#E5E5E5,#2C1D16,#FFCC2F,#FFCC2F,086387910be6a6b07fbd0eb6194a9f93c28533ce7490b51b49e4c8fcb9c7a068
Japanesque,,dark,#343935,#CF3F61,#7BB75B,#E9B32A,#4C9AD4,#A57FC4,#389AAD,#FAFAF6,#595B59,#D18FA6,#767F2C,#78592F,#135979,#604291,#76BBCA,#B2B5AE,#1E1E1E,#F7F6EC,#F7F6EC,71667129202253483e5f1529357190666f65e147626a56f1e164149be5421f62
Jellybeans,,dark,#929292,#E27373,#94B979,#FFBA7B,#97BEDC,#E1C0FA,#00988E,#DEDEDE,#BDBDBD,#FFA1A1,#BDDEAB,#FFDCA0,#B1D8F6,#FBDAFF,#1AB2A8,#FFFFFF,#121212,#DEDEDE,#DEDEDE,fdf9d40f783783081f57a9358e887968bfcc32fd51ed51df20d821399080b896
Jup,,dark,#000000,#DD006F,#6FDD00,#DD6F00,#006FDD,#6F00DD,#00DD6F,#F2F2F2,#7D7D7D,#FF74B9,#B9FF74,#FFB974,#74B9FF,#B974FF,#74FFB9,#FFFFFF,#758480,#23476A,#23476A,869b2838a43ff682530801cbf8a1b02b028533b52bed9f9f59501393e238a8ea
Kanagawa Dragon,,dark,#0D0C0C,#C4746E,#8A9A7B,#C4B28A,#8BA4B0,#A292A3,#8EA4A2,#C8C093,#A6A69C,#E46876,#87A987,#E6C384,#7FB4CA,#938AA9,#7AA89F,#C5C9C5,#181616,#C5C9C5,#C8C093,7600780fbf66722df38272823c456f6309d3ae76477fceada82744a51191130b
Kanagawa Lotus,,light,#1f1f28,#c84053,#6f894e,#77713f,#4d699b,#b35b79,#597b75,#545464,#8a8980,#d7474b,#6e915f,#836f4a,#6693bf,#624c83,#5e857a,#43436c,#f2ecbc,#545464,#43436c,660cff4e62492cc2fde545d48a61beafaf57e139b82d1d09322c5430ce85a490
Kanagawa Wave,,dark,#090618,#C34043,#76946A,#C0A36E,#7E9CD8,#957FB8,#6A9589,#C8C093,#727169,#E82424,#98BB6C,#E6C384,#7FB4CA,#938AA9,#7AA89F,#DCD7BA,#1F1F28,#DCD7BA,#DCD7BA,8d374ba67d1e4fec27ea53185364e2dd26b4530a35188aa42dbe412a3fedfdd9
Kibble,,dark,#4D4D4D,#C70031,#29CF13,#D8E30E,#3449D1,#8400FF,#0798AB,#E2D1E3,#5A5A5A,#F01578,#6CE05C,#F3F79E,#97A4F7,#C495F0,#68F2E0,#FFFFFF,#0E100A,#F7F7F7,#F7F7F7,84090c643735f8913cd3fc9d2ebdd8f283f472ad7db2ac35e246a572e12d22d0
Kokuban,,dark,#2E8744,#D84E4C,#95DA5A,#D6E264,#4B9ED7,#945FC5,#D89B25,#D8E2D7,#34934F,#FF4F59,#AFF56A,#FCFF75,#57AEFF,#AE63E9,#FFAA2B,#FFFEFE,#0D4A08,#D8E2D7,#D8E2D7,040f6f596f3abf10c7e4c9c7cfeceeb4ec4226c963cf8f1bc152a84f13d068e3
Laserwave,,dark,#39243A,#EB64B9,#AFD686,#FEAE87,#40B4C4,#B381C5,#215969,#91889B,#716485,#FC2377,#50FA7B,#FFE261,#74DFC4,#6D75E0,#B4DCE7,#FFFFFF,#1F1926,#E0E0E0,#C7C7C7,6be9ca54ebd120fb9f7804b858fe1c4386e198a3077527feea550b7818898cfc
Later This Evening,,dark,#2B2B2B,#D45A60,#AFBA67,#E5D289,#A0BAD6,#C092D6,#91BFB7,#3C3D3D,#454747,#D3232F,#AABB39,#E5BE39,#6699D6,#AB53D6,#5FC0AE,#C1C2C2,#222222,#959595,#959595,004099a0cc1224a7e2811cb4c2847bac8092d84a981a97d6e2cb979bd4324ac2
Lavandula,,dark,#230046,#7D1625,#337E6F,#7F6F49,#4F4A7F,#5A3F7F,#58777F,#736E7D,#372D46,#E05167,#52E0C4,#E0C386,#8E87E0,#A776E0,#9AD4E0,#8C91FA,#050014,#736E7D,#736E7D,dfb3b6186c27291fb0f48167f8d62cfda68eca1368f7b8ce501dfaa005690a63
Liquid Carbon,,dark,#000000,#FF3030,#559A70,#CCAC00,#0099CC,#CC69C8,#7AC4CC,#BCCCCC,#000000,#FF3030,#559A70,#CCAC00,#0099CC,#CC69C8,#7AC4CC,#BCCCCC,#303030,#AFC2C2,#AFC2C2,222faa43466ce5fb72ed5d26141d9e66de6ea312674547f000d0264ffcd4ff04
Liquid Carbon Transparent,,dark,#000000,#FF3030,#559A70,#CCAC00,#0099CC,#CC69C8,#7AC4CC,#BCCCCC,#000000,#FF3030,#559A70,#CCAC00,#0099CC,#CC69C8,#7AC4CC,#BCCCCC,#000000,#AFC2C2,#AFC2C2,b8d9a0704dc7f2a55447d667735c2842f1059b896d3743b25b12c6d638ee6ec8
Lunaria Dark,,dark,#36464E,#846560,#809984,#A79A79,#555673,#866C83,#7E98B4,#CACED8,#404F56,#BB928B,#BFDCC2,#F1DFB6,#777798,#BF9DB9,#BDDCFF,#DFE2ED,#36464E,#CACED8,#CACED8,996b6564a628ecd50d99cf70f8bdf6682be355f911496f508e6309c5f26be4f4
Lunaria Eclipse,,dark,#323F46,#83615B,#7F9781,#A69875,#53516F,#856880,#7D96B2,#C9CDD7,#3D4950,#BA9088,#BEDBC1,#F1DFB4,#767495,#BE9CB8,#BCDBFF,#DFE2ED,#323F46,#C9CDD7,#C9CDD7,5bb4b3d0420d59c35c5966c18b12a6602543ffd8c770033abda99a53cd629b17
Lunaria Light,,light,#3E3C3D,#783C1F,#497D46,#8F750B,#3F3566,#793F62,#3778A9,#D5CFCC,#484646,#B06240,#7BC175,#DCB735,#5C4F89,#B56895,#64BAFF,#EBE4E1,#EBE4E1,#484646,#484646,bf6777b9a5e068cc65c92d859c6d179bcdae62c32be1d9331bc2b7c62feeed4b
Maia,,dark,#232423,#BA2922,#7E807E,#4C4F4D,#16A085,#43746A,#00CCCC,#E0E0E0,#282928,#CC372C,#8D8F8D,#4E524F,#13BF9D,#487D72,#00D1D1,#E8E8E8,#31363B,#BDC3C7,#BDC3C7,280285cae2bf5fdf372138b4654cec454fd1dca32da29f672741860fc0429215
Man Page,,light,#000000,#CC0000,#00A600,#999900,#0000B2,#B200B2,#00A6B2,#CCCCCC,#666666,#E50000,#00D900,#E5E500,#0000FF,#E500E5,#00E5E5,#E5E5E5,#FEF49C,#000000,#000000,1359a408fbd22048ee77ee872932be7f12a351da8f52226b7d81eb8cd1720f03
Mar,,light,#000000,#B5407B,#7BB540,#B57B40,#407BB5,#7B40B5,#40B57B,#F8F8F8,#737373,#CD73A0,#A0CD73,#CDA073,#73A0CD,#A073CD,#73CDA0,#FFFFFF,#FFFFFF,#23476A,#23476A,7bb4c467b42f418dd43bff522abf7b87cf41b430f2790ee1be1dde2b08ff96cf
Material,,light,#212121,#B7141F,#457B24,#F6981E,#134EB2,#560088,#0E717C,#EFEFEF,#424242,#E83B3F,#7ABA3A,#FFEA2E,#54A4F3,#AA4DBC,#26BBD1,#D9D9D9,#EAEAEA,#232322,#16AFCA,8f20f13b9f4738aa87bfd6d84230c17b4f4e1447d3334389c426846b1464ab9b
Mathias,,dark,#000000,#E52222,#A6E32D,#FC951E,#C48DFF,#FA2573,#67D9F0,#F2F2F2,#555555,#FF5555,#55FF55,#FFFF55,#5555FF,#FF55FF,#55FFFF,#FFFFFF,#000000,#BBBBBB,#BBBBBB,d29e601a416efe634a672ec1cefcfdb1852710a393e9b5f2ed0700728e8e7440
Medallion,,dark,#000000,#B64C00,#7C8B16,#D3BD26,#616BB0,#8C5A90,#916C25,#CAC29A,#5E5219,#FF9149,#B2CA3B,#FFE54A,#ACB8FF,#FFA0FF,#FFBC51,#FED698,#1D1908,#CAC296,#CAC296,d45ca361019c81b5ec7213edb5f75f74ba0661cc8305edc41c251a14ef680782
Miasma,xero (https://github.com/xero),dark,#000000,#685742,#5F875F,#B36D43,#78824B,#BB7744,#C9A554,#D7C483,#666666,#685742,#5F875F,#B36D43,#78824B,#BB7744,#C9A554,#D7C483,#222222,#C2C2B0,#C7C7C7,dbf203bc7793b4fa42bc4d0afbdeee3325257ed4c91db66f0ddcc5a47fd50b68
Minimalist Dark,Gabriel Soares (https://github.com/Gabrielsoac),dark,#F5F5F5,#B81414,#1B9F6B,#D28F79,#AA5A24,#9E40A3,#FE8330,#A5A2A2,#5C5855,#E8BBD0,#006400,#4A4543,#A16A94,#A020F0,#FF69B4,#CACAD0,#13141f,#F5F5F5,#F5F5F5,2f71775f3ae83563657ebf1f67d56f1d88939d35ea790c815333313552615c93
Miramare,,dark,#242021,#e68183,#a7c080,#d9bb80,#89beba,#d3a0bc,#87c095,#d8caac,#444444,#e39b7b,#a7c080,#d9bb80,#89beba,#d3a0bc,#87c095,#e6d6ac,#2a2426,#e6d6ac,#e6d6ac,f7d81fbf03102b3ec8a60857a6c7e7de7f59b712c9f1dc6e6d164864f1f5f0e9
Misterioso,,dark,#000000,#FF4242,#74AF68,#FFAD29,#338F86,#9414E6,#23D7D7,#E1E1E0,#555555,#FF3242,#74CD68,#FFB929,#23D7D7,#FF37FF,#00EDE1,#FFFFFF,#2D3743,#E1E1E0,#E1E1E0,446fcdf1cf38c80b24dbbe42b51157b39b0ec664b4634c7f267b6d0a060fe255
Modus Operandi,,light,#000000,#A60000,#006800,#6F5500,#0031A9,#721045,#005E8B,#A6A6A6,#595959,#972500,#00663F,#884900,#3548CF,#531AB6,#005F5F,#595959,#FFFFFF,#000000,#000000,2d0ef7ddaeb1d6b572ae1e559e1aa468719f6a50ee1bc5bcc9aa337946bebd24
Modus Operandi Tinted,,light,#000000,#A60000,#006800,#6F5500,#0031A9,#721045,#005E8B,#A6A6A6,#595959,#972500,#00663F,#884900,#3548CF,#531AB6,#005F5F,#595959,#FBF7F0,#000000,#D00000,e5a59ea31c27a1683936ca3a30fd816542d30a8f56b1adadb765d9d7b60945b2
Modus Vivendi,,dark,#000000,#FF5F59,#44BC44,#D0BC00,#2FAFFF,#FEACD0,#00D3D0,#A6A6A6,#595959,#FF7F9F,#00C06F,#FEC43F,#79A8FF,#B6A0FF,#6AE4B9,#FFFFFF,#000000,#FFFFFF,#FFFFFF,ac3c74911f1442b47ed53a48fd273bfb38de381ae452331743a54db13cef3a67
Modus Vivendi Tinted,,dark,#0D0E1C,#FF5F59,#44BC44,#D0BC00,#2FAFFF,#FEACD0,#00D3D0,#A6A6A6,#595959,#FF6B55,#00C06F,#FEC43F,#79A8FF,#B6A0FF,#6AE4B9,#FFFFFF,#0D0E1C,#FFFFFF,#FF66FF,7c66694406a26f824fa3045b3fe59605ccad465dcdd9462f4f1d4485fa5c27d8
Molokai,,dark,#121212,#FA2573,#98E123,#DFD460,#1080D0,#8700FF,#43A8D0,#BBBBBB,#555555,#F6669D,#B1E05F,#FFF26D,#00AFFF,#AF87FF,#51CEFF,#FFFFFF,#121212,#BBBBBB,#BBBBBB,4dab75455a8cce59299ebc268977332ce53f5396f6d9caff3239524cc0a4f1bb
Mona Lisa,,dark,#351B0E,#9B291C,#636232,#C36E28,#515C5D,#9B1D29,#588056,#F7D75C,#874228,#FF4331,#B4B264,#FF9566,#9EB2B4,#FF5B6A,#8ACD8F,#FFE598,#120B0D,#F7D66A,#F7D66A,98875c164d575d9f8a845b83e57d90e8bdc5a8757072b48774f68120a6089c2b
Mono Amber,,dark,#402500,#FF9400,#FF9400,#FF9400,#FF9400,#FF9400,#FF9400,#FF9400,#FF9400,#FF9400,#FF9400,#FF9400,#FF9400,#FF9400,#FF9400,#FF9400,#2B1900,#FF9400,#FF9400,e9c20ae559b2d75bcc130fb17a44db5e17c9f6df2379f16338a9437fb4018d28
Mono Cyan,,dark,#003340,#00CCFF,#00CCFF,#00CCFF,#00CCFF,#00CCFF,#00CCFF,#00CCFF,#00CCFF,#00CCFF,#00CCFF,#00CCFF,#00CCFF,#00CCFF,#00CCFF,#00CCFF,#00222B,#00CCFF,#00CCFF,d61bf2830b67e7b63cb98dad1e77f7dc999af10477d5852fa98a4a0bb1d5d615
Mono Green,,dark,#034000,#0BFF00,#0BFF00,#0BFF00,#0BFF00,#0BFF00,#0BFF00,#0BFF00,#0BFF00,#0BFF00,#0BFF00,#0BFF00,#0BFF00,#0BFF00,#0BFF00,#0BFF00,#022B00,#0BFF00,#0BFF00,14261daed15c737d5c528f0999952d15683b38484fb5bd78307fd00789869055
Mono Red,,dark,#401200,#FF3600,#FF3600,#FF3600,#FF3600,#FF3600,#FF3600,#FF3600,#FF3600,#FF3600,#FF3600,#FF3600,#FF3600,#FF3600,#FF3600,#FF3600,#2B0C00,#FF3600,#FF3600,cb954b1ff6fa11df5e891213a28864297ea171aaca23b1a7c39bdea563337fab
Mono White,,dark,#3B3B3B,#FAFAFA,#FAFAFA,#FAFAFA,#FAFAFA,#FAFAFA,#FAFAFA,#FAFAFA,#FAFAFA,#FAFAFA,#FAFAFA,#FAFAFA,#FAFAFA,#FAFAFA,#FAFAFA,#FAFAFA,#262626,#FAFAFA,#FAFAFA,8b6193b89a605fa3e666c702f7231f1700e2b5c3de3c0ef65a1667e22de1cdf9
Mono Yellow,,dark,#403500,#FFD300,#FFD300,#FFD300,#FFD300,#FFD300,#FFD300,#FFD300,#FFD300,#FFD300,#FFD300,#FFD300,#FFD300,#FFD300,#FFD300,#FFD300,#2B2400,#FFD300,#FFD300,602fda5fb01dffbb7bf0b2515096969721d180d4e314c792336a292a47c11ede
Monokai Dark,,dark,#75715E,#F92672,#A6E22E,#F4BF75,#66D9EF,#AE81FF,#2AA198,#F9F8F5,#272822,#F92672,#A6E22E,#F4BF75,#66D9EF,#AE81FF,#2AA198,#F8F8F2,#272822,#F8F8F2,#F8F8F2,6637d1559d22a01ab8508d753d607c4362602f7c112fcb6d37894968ab1e0711
Monokai Pro,,dark,#2D2A2E,#FF6188,#A9DC76,#FFD866,#FC9867,#AB9DF2,#78DCE8,#FCFCFA,#727072,#FF6188,#A9DC76,#FFD866,#FC9867,#AB9DF2,#78DCE8,#FCFCFA,#2D2A2E,#FCFCFA,#C1C0C0,8d4bd6f6a5a6ec0fbb0141403064b1537ed7bcb99b348d743fba3c38554bf46c
Monokai Pro Light,,light,#FAF4F2,#E14775,#269D69,#CC7A0A,#E16032,#7058BE,#1C8CA8,#29242A,#A59FA0,#E14775,#269D69,#CC7A0A,#E16032,#7058BE,#1C8CA8,#29242A,#FAF4F2,#29242A,#706B6E,8b59a52f8b1c7e079ab0c1a791c1f58a1d960c4d1d5393c7ddeebe0ee30195ee
Monokai Pro Light Sun,,light,#F8EFE7,#CE4770,#218871,#B16803,#D4572B,#6851A2,#2473B6,#2C232E,#A59C9C,#CE4770,#218871,#B16803,#D4572B,#6851A2,#2473B6,#2C232E,#F8EFE7,#2C232E,#72696D,8d26bbafc74cdffa605a844ebbe66bdd9139add7b5f1665c3ecb33d6c75cab0e
Monokai Pro Machine,,dark,#273136,#FF6D7E,#A2E57B,#FFED72,#FFB270,#BAA0F8,#7CD5F1,#F2FFFC,#6B7678,#FF6D7E,#A2E57B,#FFED72,#FFB270,#BAA0F8,#7CD5F1,#F2FFFC,#273136,#F2FFFC,#B8C4C3,c9b14b81a23519395523d0ede113d1a924b1b9f33934ed4cb9e22243c74e302e
Monokai Pro Ocatagon,,dark,#282A3A,#FF657A,#BAD761,#FFD76D,#FF9B5E,#C39AC9,#9CD1BB,#EAF2F1,#696D77,#FF657A,#BAD761,#FFD76D,#FF9B5E,#C39AC9,#9CD1BB,#EAF2F1,#282A3A,#EAF2F1,#B2B9BD,e7e17923142fa9ebb96eeae0ab50e49fe76c67b6b2c0e178b32b8751e5cf8c65
Monokai Pro Ristretto,,dark,#2C2525,#FD6883,#ADDA78,#F9CC6C,#F38D70,#A8A9EB,#85DACC,#FFF1F3,#72696A,#FD6883,#ADDA78,#F9CC6C,#F38D70,#A8A9EB,#85DACC,#FFF1F3,#2C2525,#FFF1F3,#C3B7B8,f66a88e620c0a468c87d6badc4d6fbe816854ecf6d8fe19fa075e28190f68a89
Monokai Pro Spectrum,,dark,#222222,#FC618D,#7BD88F,#FCE566,#FD9353,#948AE3,#5AD4E6,#F7F1FF,#69676C,#FC618D,#7BD88F,#FCE566,#FD9353,#948AE3,#5AD4E6,#F7F1FF,#222222,#F7F1FF,#BAB6C0,37f4ca6d22ce10922ee2e92e02fc5afa51fc68213b233a27a972df27e64851d2
Monokai Soda,,dark,#1A1A1A,#F4005F,#98E024,#FA8419,#9D65FF,#F4005F,#58D1EB,#C4C5B5,#625E4C,#F4005F,#98E024,#E0D561,#9D65FF,#F4005F,#58D1EB,#F6F6EF,#1A1A1A,#C4C5B5,#C4C5B5,e6dab8ab6ef354fc0022d9330fa88f2476ee3d31e67a834564a819a0d83b6ae6
Moonfly,,dark,#323437,#FF5454,#8CC85F,#E3C78A,#80A0FF,#CF87E8,#79DAC8,#C6C6C6,#949494,#FF5189,#36C692,#C6C684,#74B2FF,#AE81FF,#85DC85,#E4E4E4,#080808,#BDBDBD,#9E9E9E,7db80b8e1e65df6dba5965d93666d5167fdcbbeb7f90709a7d20c0933bf54d48
Morada,,dark,#040404,#0F49C4,#48B117,#E87324,#BC0116,#665B93,#70A699,#F5DCBE,#4F7CBF,#1C96C7,#3BFF6F,#EFC31C,#FB605B,#975B5A,#1EFF8E,#F6F5FB,#211F46,#FFFFFF,#FFFFFF,6244b5a4a5fd7fce0a789b8b36a6302408d778a3cd565c605e07f031517e486f
N0Tch2K,,dark,#383838,#A95551,#666666,#A98051,#657D3E,#767676,#C9C9C9,#D0B8A3,#474747,#A97775,#8C8C8C,#A99175,#98BD5E,#A3A3A3,#DCDCDC,#D8C8BB,#222222,#A0A0A0,#A0A0A0,0b1bf71795edaf07cc2d2c8e8ea2a5555030b01139408a8a145d3f2cf3c1d7df
Nanosecond,,dark,#000000,#FF0000,#00AA00,#FFAA00,#00AAFF,#FF00FF,#00AAAA,#AAAAAA,#555555,#FF5555,#80FF80,#FFFF80,#AACCFF,#FFAAFF,#80FFFF,#FFFFFF,#112233,#FAFAFA,#FAFAFA,defbd47587a972546c090e322b16612828e38a417793b9811f7e76c2ac737020
Neon Night,,dark,#20242D,#FF8E8E,#7EFDD0,#FCAD3F,#69B4F9,#DD92F6,#8CE8FF,#C9CCCD,#20242D,#FF8E8E,#7EFDD0,#FCAD3F,#69B4F9,#DD92F6,#8CE8FF,#C9CCCD,#20242D,#C7C8FF,#C7C8FF,c06ce26da472824dc9e1d26e9b44af6c3e65eab7ccd716e50020562bf7bd9e3c
Neopolitan,,dark,#000000,#800000,#61CE3C,#FBDE2D,#253B76,#FF0080,#8DA6CE,#F8F8F8,#000000,#800000,#61CE3C,#FBDE2D,#253B76,#FF0080,#8DA6CE,#F8F8F8,#271F19,#FFFFFF,#FFFFFF,9c437d8f8f49b0336ca2132e42241f3ed536f8e086b0028321d85fa4e460312d
Nep,,dark,#000000,#DD6F00,#00DD6F,#6FDD00,#6F00DD,#DD006F,#006FDD,#F2F2F2,#7D7D7D,#FFB974,#74FFB9,#B9FF74,#B974FF,#FF74B9,#74B9FF,#FFFFFF,#758480,#23476A,#23476A,d9d83a46d7b856069a00e25330bd4313de7c6a11ea0eadaa8a0b654a2b421dbe
Neutron,,dark,#23252B,#B54036,#5AB977,#DEB566,#6A7C93,#A4799D,#3F94A8,#E6E8EF,#23252B,#B54036,#5AB977,#DEB566,#6A7C93,#A4799D,#3F94A8,#EBEDF2,#1C1E22,#E6E8EF,#E6E8EF,7f8ddafcbbdea9cc48b0d7f007871aa047cce6a2d603e54173f046f81e115457
Night Owl,,dark,#011627,#EF5350,#22DA6E,#ADDB67,#82AAFF,#C792EA,#21C7A8,#FFFFFF,#575656,#EF5350,#22DA6E,#FFEB95,#82AAFF,#C792EA,#7FDBCA,#FFFFFF,#011627,#D6DEEB,#D6DEEB,ea0e3036ff1b1c4fb7a263d124b5df93c9c0909eafaa286b77e47d17245db2c5
Nightfly,,dark,#1D3B53,#FC514E,#A1CD5E,#E3D18A,#82AAFF,#C792EA,#7FDBCA,#A1AAB8,#7C8F8F,#FF5874,#21C7A8,#ECC48D,#82AAFF,#AE81FF,#7FDBCA,#D6DEEB,#011627,#BDC1C6,#9CA1AA,86b0fba8abddcb481ff3a4d734ab8f6cc8f171e651a5394a487420aa684fa63f
Nightlion V1,,dark,#4C4C4C,#BB0000,#5FDE8F,#F3F167,#276BD8,#BB00BB,#00DADF,#BBBBBB,#555555,#FF5555,#55FF55,#FFFF55,#5555FF,#FF55FF,#55FFFF,#FFFFFF,#000000,#BBBBBB,#BBBBBB,cba14a50df69f4e7dfe79eba51bbcf386ccf85554d8d525e922d2e36db781679
Nightlion V2,,dark,#4C4C4C,#BB0000,#04F623,#F3F167,#64D0F0,#CE6FDB,#00DADF,#BBBBBB,#555555,#FF5555,#7DF71D,#FFFF55,#62CBE8,#FF9BF5,#00CCD8,#FFFFFF,#171717,#BBBBBB,#BBBBBB,77eae15523685e8b6c130e4ea49cc781169c54113374b4b4128b8de4e8693591
Nighty,,dark,#373D48,#9B3E46,#095B32,#808020,#1D3E6F,#823065,#3A7458,#828282,#5C6370,#D0555F,#119955,#DFE048,#4674B8,#ED86C9,#70D2A4,#DFDFDF,#2F2F2F,#DFDFDF,#DFDFDF,c8093707e34aa08b4e68583972fc41100fca8aba01bdcc451a92cc1d34da17f3
Nord,,dark,#3B4252,#BF616A,#A3BE8C,#EBCB8B,#81A1C1,#B48EAD,#88C0D0,#E5E9F0,#4C566A,#BF616A,#A3BE8C,#EBCB8B,#81A1C1,#B48EAD,#8FBCBB,#ECEFF4,#2E3440,#D8DEE9,#D8DEE9,dad9498892151bd292a7a17cba40315943a16a02c36f345f7345d84aa935b45c
Nord Light,,light,#3B4252,#BF616A,#A3BE8C,#EBCB8B,#81A1C1,#B48EAD,#88C0D0,#D8DEE9,#4C566A,#BF616A,#A3BE8C,#EBCB8B,#81A1C1,#B48EAD,#8FBCBB,#ECEFF4,#E5E9F0,#414858,#88C0D0,9b82321806970ccf34680495bc43e7065f6a7056a1ac3385b67bb3400f090751
Novel,,light,#000000,#CC0000,#009600,#D06B00,#0000CC,#CC00CC,#0087CC,#CCCCCC,#808080,#CC0000,#009600,#D06B00,#0000CC,#CC00CC,#0087CC,#FFFFFF,#DFDBC3,#3B2322,#3B2322,099930e10dee2e170d3d6e2d082408b978ce6e16e0a176dabe72876bc71a4c31
Obsidian,,dark,#000000,#A60001,#00BB00,#FECD22,#3A9BDB,#BB00BB,#00BBBB,#BBBBBB,#555555,#FF0003,#93C863,#FEF874,#A1D7FF,#FF55FF,#55FFFF,#FFFFFF,#283033,#CDCDCD,#CDCDCD,d74abe9cfc047c884fffc43838b391c2a2ea33db5dc5157a58031350dc43bd26
Ocean,,dark,#000000,#990000,#00A600,#999900,#0000B2,#B200B2,#00A6B2,#BFBFBF,#666666,#E50000,#00D900,#E5E500,#0000FF,#E500E5,#00E5E5,#E5E5E5,#224FBC,#FFFFFF,#FFFFFF,514acbadfea92553c7f10c4b48f073e792080291815f1d6aca2894b1d940d122
Ocean Dark,,dark,#4F4F4F,#AF4B57,#AFD383,#E5C079,#7D90A4,#A4799D,#85A6A5,#EEEDEE,#7B7B7B,#AF4B57,#CEFFAB,#FFFECC,#B5DCFE,#FB9BFE,#DFDFFD,#FEFFFE,#1C1F27,#979CAC,#979CAC,5f5cdf7e8016fe2e52003d55be5ea6708668fd00ce215e3b8848ec27415c7587
Oceanic Next,,dark,#1B2B34,#DB686B,#A2C699,#F2CA73,#7198C8,#BD96C2,#74B1B2,#FFFFFF,#68737D,#DB686B,#A2C699,#F2CA73,#7198C8,#BD96C2,#74B1B2,#FFFFFF,#1B2B34,#C1C5CD,#C1C5CD,ee1bde6ea5033bff0c1d1429516c64845457db0bb27238cff26d4237eae4945a
Ollie,,dark,#000000,#AC2E31,#31AC61,#AC4300,#2D57AC,#B08528,#1FA6AC,#8A8EAC,#5B3725,#FF3D48,#3BFF99,#FF5E1E,#4488FF,#FFC21D,#1FFAFF,#5B6EA7,#222125,#8A8DAE,#8A8DAE,6b35beb327a4c5c48db5da9ef39b2b5f64f4b327f292d6f8d265ba6aab2c819d
Omni,,dark,#191622,#E96379,#67E480,#E89E64,#78D1E1,#988BC7,#FF79C6,#ABB2BF,#000000,#E96379,#67E480,#E89E64,#78D1E1,#988BC7,#FF79C6,#FFFFFF,#191622,#ABB2BF,#ABB2BF,36f926462bdcefe91f9d66e50888d4699dcc0bec34fb78dfed4a554988bfd005
One Dark,,dark,#000000,#E06C75,#98C379,#D19A66,#61AFEF,#C678DD,#56B6C2,#ABB2BF,#5C6370,#E06C75,#98C379,#D19A66,#61AFEF,#C678DD,#56B6C2,#FFFEFE,#1E2127,#5C6370,#5C6370,80876446c732ee6e0edd587927f96274c71e276146b0bc5ce8443027450c3d7a
One Half Black,,dark,#282C34,#E06C75,#98C379,#E5C07B,#61AFEF,#C678DD,#56B6C2,#DCDFE4,#282C34,#E06C75,#98C379,#E5C07B,#61AFEF,#C678DD,#56B6C2,#DCDFE4,#000000,#DCDFE4,#DCDFE4,2285e1daf9fe3e81c0b8d4569796ff920b3748e35961aa83a031758f4d54423b
One Light,,light,#000000,#DA3E39,#41933E,#855504,#315EEE,#930092,#0E6FAD,#8E8F96,#2A2B32,#DA3E39,#41933E,#855504,#315EEE,#930092,#0E6FAD,#FFFEFE,#F8F8F8,#2A2B32,#2A2B32,bc9d43404f914a8351dc0271114387c56bd70dd89818f22cfe3ff00f029c3046
Oxocarbon Dark,,dark,#262626,#EE5396,#42BE65,#FFE97B,#33B1FF,#FF7EB6,#3DDBD9,#DDE1E6,#393939,#EE5396,#42BE65,#FFE97B,#33B1FF,#FF7EB6,#3DDBD9,#FFFFFF,#161616,#FFFFFF,#6F6F6F,447b609a861efc56b096af87225da03296e36d8c65d88e228a735104cccade68
Palenight,,dark,#292D3E,#F07178,#C3E88D,#FFCB6B,#82AAFF,#C792EA,#60ADEC,#ABB2BF,#959DCB,#F07178,#C3E88D,#FF5572,#82AAFF,#FFCB6B,#676E95,#FFFEFE,#292D3E,#BFC7D5,#BFC7D5,e595f5c0dc53f23e6609ab789c91bca386c21ecf38086ba43dd2a483c301dee3
Pali,,dark,#0A0A0A,#AB8F74,#74AB8F,#8FAB74,#8F74AB,#AB748F,#748FAB,#F2F2F2,#5D5D5D,#FF1D62,#9CC3AF,#FFD00A,#AF9CC3,#FF1D62,#4BB8FD,#A020F0,#232E37,#D9E6F2,#D9E6F2,6f9c551afc652eff2085753b2bc3cbd7c6320db88ce228c19b6030a330a28929
Panda,,dark,#1F1F20,#FB055A,#26FFD4,#FDAA5A,#5C9FFF,#FC59A6,#26FFD4,#F0F0F0,#5C6370,#FB055A,#26FFD4,#FEBE7E,#55ADFF,#FD95D0,#26FFD4,#F0F0F0,#1D1E20,#F0F0F0,#F0F0F0,99e88ebbb951e0902555b06b2d045eaa25e6ddd1219f226525d81a814fe26f0a
Paper,,light,#000000,#cc3e28,#216609,#b58900,#1e6fcc,#5c21a5,#158c86,#aaaaaa,#555555,#cc3e28,#216609,#b58900,#1e6fcc,#5c21a5,#158c86,#aaaaaa,#f2eede,#000000,#000000,9db956b08567e3717420429d6b761260aa04c8db077da8566fa2723c7088fedf
Papercolor Dark,,dark,#1C1C1C,#AF005F,#5FAF00,#D7AF5F,#5FAFD7,#808080,#D7875F,#D0D0D0,#585858,#5FAF5F,#AFD700,#AF87D7,#FFAF00,#FF5FAF,#00AFAF,#5F8787,#1C1C1C,#D0D0D0,#D0D0D0,ca0d3dc4cb840d19963d0248a2952e0127df98335138d7e1257afafc4fecf1a8
Papercolor Light,,light,#EEEEEE,#AF0000,#008700,#5F8700,#0087AF,#878787,#005F87,#444444,#BCBCBC,#D70000,#D70087,#8700AF,#D75F00,#D75F00,#005FAF,#005F87,#EEEEEE,#444444,#444444,8b9848ebb0c3a1555d5ba76edaf8648acd9e9591a3bd7c5c4ae3fdf79879bf07
Paraiso Dark,,dark,#2F1E2E,#EF6155,#48B685,#FEC418,#06B6EF,#815BA4,#5BC4BF,#A39E9B,#776E71,#EF6155,#48B685,#FEC418,#06B6EF,#815BA4,#5BC4BF,#E7E9DB,#2F1E2E,#A39E9B,#A39E9B,e02ff89e125bf1b20563c584f45f5bffa31771a24fe5daa1f6e1318e92a1abe3
Paul Millr,,dark,#2A2A2A,#FF0000,#79FF0F,#E7BF00,#396BD7,#B449BE,#66CCFF,#BBBBBB,#666666,#FF0080,#66FF66,#F3D64E,#709AED,#DB67E6,#7ADFF2,#FFFFFF,#000000,#F2F2F2,#4D4D4D,2e2f093e9941e72a7d07ee92b544cb2df5293c9c1acaaee7e067ce467a3f4b02
Pencil Dark,,dark,#212121,#C30771,#10A778,#A89C14,#008EC4,#523C79,#20A5BA,#D9D9D9,#424242,#FB007A,#5FD7AF,#F3E430,#20BBFC,#6855DE,#4FB8CC,#F1F1F1,#212121,#F1F1F1,#F1F1F1,9c823f683f0f5aaa44aecc939f1de94584dcf0c2b63d1e8d3621eb0cb7a8dd92
Pencil Light,,light,#212121,#C30771,#10A778,#A89C14,#008EC4,#523C79,#20A5BA,#D9D9D9,#424242,#FB007A,#5FD7AF,#F3E430,#20BBFC,#6855DE,#4FB8CC,#F1F1F1,#F1F1F1,#424242,#424242,787c5f767ee447484a7f602c5809f29c3129f3dc17e85db59a4f4b42b673aacd
Peppermint,,dark,#353535,#E74669,#89D287,#DAB853,#449FD0,#DA62DC,#65AAAF,#B4B4B4,#535353,#E4859B,#A3CCA2,#E1E487,#6FBCE2,#E586E7,#96DCDB,#DFDFDF,#000000,#C8C8C8,#BBBBBB,e083c2bbe8d2adf60b1fff3e267c93a1f508969fa8abfab74799b2731396e340
Pixiefloss,,dark,#2F2942,#FF857F,#48B685,#E6C000,#AE81FF,#EF6155,#C2FFDF,#F8F8F2,#75507B,#F1568E,#5ADBA2,#D5A425,#C5A3FF,#EF6155,#C2FFFF,#F8F8F0,#241F33,#D1CAE8,#D1CAE8,354848ae95897fc9bfe889f11f5fe3f0e3d190cfd18cc73900bf23304453af23
Pnevma,,dark,#2F2E2D,#A36666,#90A57D,#D7AF87,#7FA5BD,#C79EC4,#8ADBB4,#D0D0D0,#4A4845,#D78787,#AFBEA2,#E4C9AF,#A1BDCE,#D7BEDA,#B1E7DD,#EFEFEF,#1C1C1C,#D0D0D0,#D0D0D0,553f71bbdd9ed23600578a67188b3d9d46da3073c88658e8b01beac81bb1ea73
Powershell,,dark,#000000,#981A22,#098003,#C4A000,#4140C3,#D33682,#0E807F,#7F7C7F,#808080,#EF2929,#1CFE3C,#FEFE45,#268AD2,#FE13FA,#29FFFE,#C2C1C3,#052454,#F6F6F7,#F6F6F7,2c7828ae3a6584e5259e8d1d42218c43c39128e29f42a25bd4f68f832b8b0129
Predawn,,dark,#F18260,#B51A20,#A6CC75,#FED33A,#81B2B1,#EB6C4E,#81B2B1,#EAEAEA,#666666,#FF000B,#C4EE94,#E8E06D,#A5EBEA,#EF8A50,#A5EBEA,#FFFFFF,#282828,#F1F1F1,#F1F1F1,1e68299fb759735e3179083035515cbcdeac3a7821b55c5bc8e43a7df76e038d
Pro,,dark,#000000,#990000,#00A600,#999900,#2009DB,#B200B2,#00A6B2,#BFBFBF,#666666,#E50000,#00D900,#E5E500,#0000FF,#E500E5,#00E5E5,#E5E5E5,#000000,#F2F2F2,#F2F2F2,2fe5c9bd2607bcfed770b9de76229e3e4c1b1c87eda8e1b3709e296a216b30f2
Punk,Alex Bachlej (https://alexbachlej.com),Dark,#2E3436,#FD3057,#970230,#C4A000,#70A1E0,#510A34,#076A7F,#D3D7CF,#555753,#AD0B44,#F63D5C,#FCE94F,#4C8B8C,#921E65,#51AAC8,#EEEEEC,#0C031F,#E9FDFF,#E01A4F,41655b9a96c2f382c9450d107c477eb0fff579966c3d519f006419d727ab4e7a
Punk Bg,Alex Bachlej (https://alexbachlej.com),Dark,#2E3436,#FD3057,#970230,#C4A000,#3465A4,#510A34,#076A7F,#D3D7CF,#555753,#AD0B44,#F63D5C,#FCE94F,#66BABC,#921E65,#51AAC8,#EEEEEC,#0E051F,#B8E5EA,#3F0A29,852f95210c5dc5d3e7659d719c003f5591e39d8624735146add47cd503c67cce
Purple People Eater,,dark,#0D1117,#E34C26,#238636,#ED9A51,#A5D6FF,#6EB0E8,#C09AEB,#C9D1D9,#0D1117,#FF7B72,#3BAB4A,#FFA657,#A5D6FF,#79C0FF,#B694DF,#C9D1D9,#161B22,#C9D1D9,#C9D1D9,56e2bd09d4cdd1ee4cbad617e9f9bb0891d6c4d516cca055b5c1b75f5f2f7761
Quiet,,dark,#141414,#C16262,#49B685,#C5B76D,#4992B6,#815BBE,#41A4A4,#C5C5C5,#505050,#ED5E7A,#7ECE7E,#DBDB70,#4DBFFF,#C067E4,#70DBD8,#F0F0F0,#141414,#B9B9B9,#A0A0A0,ef46f4adafa08ae0036d000c41dfeb02ca1d470ad317776607b7d03a5e547149
Red Alert,,dark,#000000,#D62E4E,#71BE6B,#BEB86B,#489BEE,#E979D7,#6BBEB8,#D6D6D6,#262626,#E02553,#AFF08C,#DFDDB7,#65AAF1,#DDB7DF,#B7DFDD,#FFFFFF,#762423,#FFFFFF,#FFFFFF,1b932ee4a063095c8a6b0ac380e49afcfbdd98d8c38ad97c68b7fe23e2be2ef4
Red Sands,,dark,#000000,#FF3F00,#00BB00,#E7B000,#0072FF,#BB00BB,#00BBBB,#BBBBBB,#555555,#BB0000,#00BB00,#E7B000,#0072AE,#FF55FF,#55FFFF,#FFFFFF,#7A251E,#D7C9A7,#D7C9A7,7477e2644c608e79e34e6c5ebf56b1dbfa44bfe6e9bb489c540fba134622768b
Relaxed,,dark,#151515,#BC5653,#909D63,#EBC17A,#6A8799,#B06698,#C9DFFF,#D9D9D9,#636363,#BC5653,#A0AC77,#EBC17A,#7EAAC7,#B06698,#ACBBD0,#F7F7F7,#353A44,#D9D9D9,#D9D9D9,9bd61c597a77eedd7517f8251c21e8ade3ee4b2ccdd1417bf78c1b7aaa212c83
Rippedcasts,,dark,#000000,#CDAF95,#A8FF60,#BFBB1F,#75A5B0,#FF73FD,#5A647E,#BFBFBF,#666666,#EECBAD,#BCEE68,#E5E500,#86BDC9,#E500E5,#8C9BC4,#E5E5E5,#2B2B2B,#FFFFFF,#FFFFFF,65848306d15eb1ebf8e3fe69f56d80205f38eecf5f2ebf3ef4483239f959dd8e
Rosé Pine,,dark,#26233A,#EB6F92,#31748F,#F6C177,#9CCFD8,#C4A7E7,#EBBCBA,#E0DEF4,#6E6A86,#EB6F92,#31748F,#F6C177,#9CCFD8,#C4A7E7,#EBBCBA,#E0DEF4,#191724,#E0DEF4,#E0DEF4,6d774e99f8d2e01e64556f86bffb2ba5bfa7d675738c820e7c0752daa7a30673
Rosé Pine Dawn,,light,#F2E9E1,#B4637A,#286983,#EA9D34,#56949F,#907AA9,#D7827E,#575279,#9893A5,#B4637A,#286983,#EA9D34,#56949F,#907AA9,#D7827E,#575279,#FAF4ED,#575279,#575279,04ef1493e1b07d85b7b3ba26ad54ac809d1dd7231518fd355c1c021751fce691
Rosé Pine Moon,,dark,#393552,#EB6F92,#3E8FB0,#F6C177,#9CCFD8,#C4A7E7,#EA9A97,#E0DEF4,#6E6A86,#EB6F92,#3E8FB0,#F6C177,#9CCFD8,#C4A7E7,#EA9A97,#E0DEF4,#232136,#E0DEF4,#E0DEF4,95a517a2627b060a8d6683d58382ad845ec486ab9bba9b39bf4cb7de6ecb5e4d
Royal,,dark,#241F2B,#91284C,#23801C,#B49D27,#6580B0,#674D96,#8AAABE,#524966,#312D3D,#D5356C,#2CD946,#FDE83B,#90BAF9,#A479E3,#ACD4EB,#9E8CBD,#100815,#514968,#514968,bdcf5e71cdb5752039fdd07f80ac79e9326b3b03fb400b3b49f2fe9f1e0b767f
Sat,,dark,#000000,#DD0007,#07DD00,#DDD600,#0007DD,#D600DD,#00DDD6,#F2F2F2,#7D7D7D,#FF7478,#78FF74,#FFFA74,#7478FF,#FA74FF,#74FFFA,#FFFFFF,#758480,#23476A,#23476A,c8cbfd38e4fa9f3bd63db90b7998216978b861a4c396b4fc3a6ddb5fa6bf5341
Sea Shells,,dark,#17384C,#D15123,#027C9B,#FCA02F,#1E4950,#68D4F1,#50A3B5,#DEB88D,#434B53,#D48678,#628D98,#FDD39F,#1BBCDD,#BBE3EE,#87ACB4,#FEE4CE,#09141B,#DEB88D,#DEB88D,a58aeb454fd8903ba5f00067f2f083baf79277ec334d30aa438ad85e485e40df
Seafoam Pastel,,dark,#757575,#825D4D,#728C62,#ADA16D,#4D7B82,#8A7267,#729494,#E0E0E0,#8A8A8A,#CF937A,#98D9AA,#FAE79D,#7AC3CF,#D6B2A1,#ADE0E0,#E0E0E0,#243435,#D4E7D4,#D4E7D4,323ae59b5a6e2d010bfbfd943b3efcb8a4c58e5fc00626fb62e774adb04ea661
Selenized Black,,dark,#252525,#ED4A46,#70B433,#DBB32D,#368AEB,#EB6EB7,#3FC5B7,#B9B9B9,#777777,#FF5E56,#83C746,#EFC541,#4F9CFE,#FF81CA,#56D8C9,#DEDEDE,#181818,#B9B9B9,#777777,74576f0d4ee81611c89615427f969a29a6876c7aae178ae1fb623bb606e2ed35
Selenized Dark,,dark,#184956,#FA5750,#75B938,#DBB32D,#4695F7,#F275BE,#41C7B9,#ADBCBC,#72898F,#FF665C,#84C747,#EBC13D,#58A3FF,#FF84CD,#53D6C7,#CAD8D9,#103C48,#ADBCBC,#ADBCBC,1e05b380162858c8a3de6b9f1eb062181fe17a97d6b1ab59250213c0f57fafcf
Selenized Light,,light,#ECE3CC,#D2212D,#489100,#AD8900,#0072D4,#CA4898,#009C8F,#53676D,#909995,#CC1729,#428B00,#A78300,#006DCE,#C44392,#00978A,#3A4D53,#FBF3DB,#53676D,#53676D,618412ca2417a1a1931c0bede34e6eb05be0fc7cffeef11904acf3af75bc7331
Selenized White,,light,#ebebeb,#d6000c,#1d9700,#c49700,#0064e4,#dd0f9d,#00ad9c,#878787,#cdcdcd,#bf0000,#008400,#af8500,#0054cf,#c7008b,#009a8a,#282828,#ffffff,#474747,#282828,5b4f90f47759d5f982955ea9f148e8a867b209d866dcd40b6ced7e39fa1af8a2
Seoul256,,dark,#4e4e4e,#d68787,#5f865f,#d8af5f,#85add4,#d7afaf,#87afaf,#d0d0d0,#626262,#d75f87,#87af87,#ffd787,#add4fb,#ffafaf,#87d7d7,#e4e4e4,#3a3a3a,#d0d0d0,#d0d0d0,bfc8149ea99a9f597c07f58ca4b88a6af373d6b3a366d56bf394e6cfd489ac98
Seoul256 Light,,light,#4e4e4e,#af5f5f,#5f885f,#af8760,#5f87ae,#875f87,#5f8787,#e4e4e4,#3a3a3a,#870100,#005f00,#d8865f,#0087af,#87025f,#008787,#eeeeee,#dadada,#4e4e4e,#4e4e4e,7f5952bef0cbecee73c1365d48a058550877ca90969683aee8028ca912ba4c97
Seoulism,Lee Yunjin (https://oborona.zip),dark,#101114,#E94536,#22D2B5,#FF9F3E,#2D5CE6,#9C5CEB,#2C9DD6,#E0E0DC,#242630,#EE6962,#53DCBA,#FFC068,#5B80EC,#C680EF,#5AB3DF,#E7E7E4,#101114,#ECECE9,#ECECE9,00659853abd0905d97cce495a4d0f35f851d4e1091acf6d790c606bdb78e9eae
Seti,,dark,#323232,#C22832,#8EC43D,#E0C64F,#43A5D5,#8B57B5,#8EC43D,#EEEEEE,#323232,#C22832,#8EC43D,#E0C64F,#43A5D5,#8B57B5,#8EC43D,#FFFFFF,#111213,#CACECD,#CACECD,f28dc79b668d0f5d3f934774ab49444425c873fd7b26a8aa6efb1af98ca0b906
Shaman,,dark,#012026,#B2302D,#00A941,#5E8BAA,#449A86,#00599D,#5D7E19,#405555,#384451,#FF4242,#2AEA5E,#8ED4FD,#61D5BA,#1298FF,#98D028,#58FBD6,#001015,#405555,#405555,7ea4a8e920c53cca6ff51874bd1289f46898af4c2c614e168776b641a997b6f8
Shel,,dark,#2C2423,#AB2463,#6CA323,#AB6423,#2C64A2,#6C24A2,#2CA363,#918988,#918988,#F588B9,#C2EE86,#F5BA86,#8FBAEC,#C288EC,#8FEEB9,#F5EEEC,#2A201F,#4882CD,#4882CD,360ea616fb6dcde26b8f2adc141a150223aecbf900a4ff2324f716bfdbc78387
Slate,,dark,#222222,#E2A8BF,#81D778,#C4C9C0,#264B49,#A481D3,#15AB9C,#02C5E0,#FFFFFF,#FFCDD9,#BEFFA8,#D0CCCA,#7AB0D2,#C5A7D9,#8CDFE0,#E0E0E0,#222222,#35B1D2,#35B1D2,3fc5e18af2fc55c65a7f7422b7763b3e1f898e0cfbac3d8f40778d185df536d8
Smyck,,dark,#000000,#B84131,#7DA900,#C4A500,#62A3C4,#BA8ACC,#207383,#A1A1A1,#7A7A7A,#D6837C,#C4F137,#FEE14D,#8DCFF0,#F79AFF,#6AD9CF,#F7F7F7,#1B1B1B,#F7F7F7,#BBBBBB,8f1831cf589824fd86b2c900a51f8ce5b2724bd239e9e67e4d0df64b89ac1b29
Snazzy,,dark,#000000,#FC4346,#50FB7C,#F0FB8C,#49BAFF,#FC4CB4,#8BE9FE,#EDEDEC,#555555,#FC4346,#50FB7C,#F0FB8C,#49BAFF,#FC4CB4,#8BE9FE,#EDEDEC,#1E1F29,#EBECE6,#E4E4E4,8e50ad65d2a151117301db66586c21200c3eb0657e1a8f8b5e385e9927380b8f
Soft Server,,dark,#000000,#A2686A,#9AA56A,#A3906A,#6B8FA3,#6A71A3,#6BA58F,#99A3A2,#666C6C,#DD5C60,#BFDF55,#DEB360,#62B1DF,#606EDF,#64E39C,#D2E0DE,#242626,#99A3A2,#99A3A2,b183080ab2d87d20949ba4de5b6e749c57c33a8fa8be293a36e46655b3ab8fc7
Solarized Darcula,,dark,#25292A,#F24840,#629655,#B68800,#2075C7,#797FD4,#15968D,#D2D8D9,#25292A,#F24840,#629655,#B68800,#2075C7,#797FD4,#15968D,#D2D8D9,#3D3F41,#D2D8D9,#D2D8D9,d4d06d9a629fe6fede4cda3dd8f4cd4c3face4d018cbea60d6cde04d0e9d1fb2
Solarized Dark,,dark,#073642,#DC322F,#859900,#CF9A6B,#268BD2,#D33682,#2AA198,#EEE8D5,#657B83,#CB4B16,#859900,#CF9A6B,#6c71c4,#D33682,#2AA198,#FDF6E3,#002B36,#839496,#839496,867974895a81b9337ff99fd41a4960064905e360bfb74cb87a950cb314b9aa84
Solarized Dark Higher Contrast,,dark,#002831,#D11C24,#6CBE6C,#A57706,#2176C7,#C61C6F,#259286,#EAE3CB,#006488,#F5163B,#51EF84,#B27E28,#178EC8,#E24D8E,#00B39E,#FCF4DC,#001E27,#9CC2C3,#9CC2C3,106b2f88986f11794108816e0ed4498e787807be7b82e7381607347c16b0cb7a
Solarized Light,,light,#EEE8D5,#DC322F,#859900,#B58900,#268BD2,#D33682,#2AA198,#002B36,#657b83,#CB4B16,#859900,#B58900,#6C71C4,#D33682,#2AA198,#073642,#FDF6E3,#657B83,#657B83,d0f3615d03c419d5d2a02874dc81adbd14a5ba490fdb26dabac7d1054a8bb753
Sonokai,,dark,#181819,#FC5D7C,#9ED072,#E7C664,#76CCE0,#B39DF3,#F39660,#E2E2E3,#7F8490,#FC5D7C,#9ED072,#E7C664,#76CCE0,#B39DF3,#F39660,#E2E2E3,#2C2E34,#E2E2E3,#E2E2E3,d80935491cdaa121a760a0775e007adbdd8dd8311b8dad322a8d81ffd837b152
Spacedust,,dark,#6E5346,#E35B00,#5CAB96,#E3CD7B,#0F548B,#E35B00,#06AFC7,#F0F1CE,#684C31,#FF8A3A,#AECAB8,#FFC878,#67A0CE,#FF8A3A,#83A7B4,#FEFFF1,#0A1E24,#ECF0C1,#ECF0C1,4e9539e882eda853a13e35de94915695108dfba09c90e24e874adac28ff8212f
Spacegray,,dark,#000000,#B04B57,#87B379,#E5C179,#7D8FA4,#A47996,#85A7A5,#B3B8C3,#000000,#B04B57,#87B379,#E5C179,#7D8FA4,#A47996,#85A7A5,#FFFFFF,#20242D,#B3B8C3,#B3B8C3,4cc7aac2dbd2bca43fa7179d5c336cca58ac99a133b4a368e45a0a1dff91ee35
Spacegray Eighties,,dark,#15171C,#EC5F67,#81A764,#FEC254,#5486C0,#BF83C1,#57C2C1,#EFECE7,#555555,#FF6973,#93D493,#FFD256,#4D84D1,#FF55FF,#83E9E4,#FFFFFF,#222222,#BDBAAE,#BDBAAE,94bb03045383057b01961e83619e622457e3af0d2f896ca136acbf5ef5395f2f
Spacegray Eighties Dull,,dark,#15171C,#B24A56,#92B477,#C6735A,#7C8FA5,#A5789E,#80CDCB,#B3B8C3,#555555,#EC5F67,#89E986,#FEC254,#5486C0,#BF83C1,#58C2C1,#FFFFFF,#222222,#C9C6BC,#C9C6BC,f10c7f413cd6a09b4d447afdbcccb370bc1f68e8d9a2e9bc1933ce24489e0757
Sparky,,dark,#212322,#FF585D,#78D64B,#FBDD40,#4698CB,#D59ED7,#2DCCD3,#DEE6DE,#4B4F54,#FF7276,#8EDD65,#F6EB61,#69B3E7,#F99FC9,#00C1D5,#D9E1E2,#072B31,#F4F5F0,#F4F5F0,6627717639764e6d6c956e7aeec1654b5641426832ee8677e7a6ffd823d4f9cd
Spring,,light,#000000,#FF4D83,#1F8C3B,#1FC95B,#1DD3EE,#8959A8,#3E999F,#FFFFFF,#000000,#FF0021,#1FC231,#D5B807,#15A9FD,#8959A8,#3E999F,#FFFFFF,#FFFFFF,#4D4D4C,#4D4D4C,1cc0a2f4f336707f0ac67292bd34616d35535a511a19739ceb8e8333f9797800
Square,,dark,#050505,#E9897C,#B6377D,#ECEBBE,#A9CDEB,#75507B,#C9CAEC,#F2F2F2,#141414,#F99286,#C3F786,#FCFBCC,#B6DEFB,#AD7FA8,#D7D9FC,#E2E2E2,#1A1A1A,#ACACAB,#FCFBCC,99b1f370d9736b65e5769d2ab7377ad80ecd71f9d1f1127ff454aca3982b4720
Srcery,,dark,#1C1B19,#EF2F27,#519F50,#FBB829,#2C78BF,#E02C6D,#0AAEB3,#BAA67F,#918175,#F75341,#98BC37,#FED06E,#68A8E4,#FF5C8F,#2BE4D0,#FCE8C3,#1C1B19,#FCE8C3,#FBB829,146ebd78ca714dd110aef9939d98204a8d8a127d778a1ad041e347c215013a44
Summer Pop,,dark,#666666,#FF1E8E,#8EFF1E,#FFFB00,#1E8EFF,#E500E5,#00E5E5,#E5E5E5,#666666,#FF1E8E,#8EFF1E,#FFFB00,#1E8EFF,#E500E5,#00E5E5,#E5E5E5,#272822,#FFFFFF,#FFFFFF,accc9c446173ba487f88425498ffbcadf29f40c7e22bf3f5fd7e78a89eb5aabd
Sundried,,dark,#302B2A,#A7463D,#587744,#9D602A,#485B98,#864651,#9C814F,#C9C9C9,#4D4E48,#AA000C,#128C21,#FC6A21,#7999F7,#FD8AA1,#FAD484,#FFFFFF,#1A1818,#C9C9C9,#C9C9C9,a02e2f5135f90e01f9738759ea34d7e9388b19d0358a707f89ceb5f1447dac69
Sweet Eliverlara,,dark,#282C34,#ED254E,#71F79F,#F9DC5C,#7CB7FF,#C74DED,#00C1E4,#DCDFE4,#282C34,#ED254E,#71F79F,#F9DC5C,#7CB7FF,#C74DED,#00C1E4,#DCDFE4,#282C34,#C3C7D1,#C3C7D1,024ff643eb3fb6c0fced06efbdaa71671597d5aedb362e5d30ec5f336e965573
Sweet Terminal,,dark,#3F3F54,#F60055,#06C993,#9700BE,#F69154,#EC89CB,#60ADEC,#ABB2BF,#959DCB,#F60055,#06C993,#9700BE,#F69154,#EC89CB,#00DDED,#FFFFFF,#222235,#FFFFFF,#FFFFFF,b2e7950faeb1ec3041d1e4198f5a5476c37a2305b5bbcd231a1b318aa06848f4
Symfonic,,dark,#000000,#DC322F,#56DB3A,#FF8400,#0084D4,#B729D9,#CCCCFF,#FFFFFF,#1B1D21,#DC322F,#56DB3A,#FF8400,#0084D4,#B729D9,#CCCCFF,#FFFFFF,#000000,#FFFFFF,#FFFFFF,10749b50c809b4e0bf0e525fbf2c01e9b644618ba5987843553bcf568043c12f
Synthwave,,dark,#000000,#F6188F,#1EBB2B,#FDF834,#2186EC,#F85A21,#12C3E2,#FFFFFF,#7F7094,#F841A0,#25C141,#FDF454,#2F9DED,#F97137,#19CDE6,#FFFFFF,#000000,#DAD9C7,#19CDE6,de28f3cc2fc25916f76cc1805b87e88cd20ff81755c7998e6f3b8e6c4f733d07
Synthwave Alpha,,dark,#241B30,#E60A70,#00986C,#ADAD3E,#6E29AD,#B300AD,#00B0B1,#B9B1BC,#7F7094,#E60A70,#0AE4A4,#F9F972,#AA54F9,#FF00F6,#00FBFD,#F2F2E3,#241B30,#F2F2E3,#F2F2E3,873e4f6a7c28cb8fc471a37fed8e9a552e0c3e366507ff4c755581e8a952f8bc
Teerb,,dark,#1C1C1C,#D68686,#AED686,#D7AF87,#86AED6,#D6AED6,#8ADBB4,#D0D0D0,#1C1C1C,#D68686,#AED686,#E4C9AF,#86AED6,#D6AED6,#B1E7DD,#EFEFEF,#262626,#D0D0D0,#D0D0D0,6da80481d793a04440c81c80d8733c978177bf564957caeee3100087691e7426
Tempus Autumn,Protesilaos Stavrou (https://protesilaos.com),dark,#302420,#f46f55,#85a400,#b09640,#799aca,#df798e,#52a885,#a8948a,#36302a,#e27e3d,#43aa7a,#ba9400,#958fdf,#ce7dc4,#2fa6b7,#a9a2a6,#302420,#a9a2a6,#a9a2a6,67b94dfc9b74a9d58f1fc613445c1ccb6910cfcac6bc463908bf26742bfe314b
Tempus Classic,Protesilaos Stavrou (https://protesilaos.com),dark,#232323,#d4823d,#8c9e3d,#b1942b,#6e9cb0,#b58d88,#6da280,#949d9f,#312e30,#d0913d,#96a42d,#a8a030,#8e9cc0,#d58888,#7aa880,#aeadaf,#232323,#aeadaf,#aeadaf,db9fc7fc7b12dd556429f022bd5173b58676e221eff1f4983953951464c28182
Tempus Dawn,Protesilaos Stavrou (https://protesilaos.com),light,#4a4b4e,#a32a3a,#206620,#745300,#4b529a,#8d377e,#086784,#dee2e0,#676364,#a64822,#187408,#8b590a,#5c59b2,#8e45a8,#3f649c,#eff0f2,#eff0f2,#4a4b4e,#4a4b4e,f1896bb7bbc6fdd4b847aeee37cf3ec967238c1dfa986da9029ba73789475bc4
Tempus Day,Protesilaos Stavrou (https://protesilaos.com),light,#464340,#c81000,#107410,#806000,#385dc4,#b63052,#007070,#e7e3d7,#68607d,#b24000,#427040,#6f6600,#0f64c4,#8050a7,#336c87,#f8f2e5,#f8f2e5,#464340,#464340,fef8ba55f349ed90c39e7de864b26f1bf50c67a6f58c5e71958303a4501fb727
Tempus Dusk,Protesilaos Stavrou (https://protesilaos.com),dark,#1f252d,#cb8d56,#8ba089,#a79c46,#8c9abe,#b190af,#8e9aba,#a29899,#2c3150,#d39d74,#80b48f,#bda75a,#9ca5de,#c69ac6,#8caeb6,#a2a8ba,#1f252d,#a2a8ba,#a2a8ba,4d3f4b42a97e73e769361c85350292f79e06c4e2d668b65708ba0805a425f089
Tempus Fugit,Protesilaos Stavrou (https://protesilaos.com),light,#4d595f,#c61a14,#357200,#825e00,#1666b0,#a83884,#007072,#efe6e4,#796271,#b93f1a,#437520,#985900,#485adf,#a234c0,#00756a,#fff5f3,#fff5f3,#4d595f,#4d595f,eb06475d0eef064bd16fc558236ef9d216851502b60e95959525b6bab412d7cc
Tempus Future,Protesilaos Stavrou (https://protesilaos.com),dark,#090a18,#ff7e8f,#6aba39,#bfa51a,#4ab2d7,#e58f84,#2ab7bb,#a7a2c4,#2b1329,#f78e2f,#60ba80,#de9b1d,#8ba7ea,#e08bd6,#2cbab6,#b4abac,#090a18,#b4abac,#b4abac,084660b62f95f1253c09aa171431ea52a4cc82a951b8015b6a54be0c6521832a
Tempus Night,Protesilaos Stavrou (https://protesilaos.com),dark,#1a1a1a,#ff929f,#5fc940,#c5b300,#5fb8ff,#ef91df,#1dc5c3,#c4bdaf,#242536,#f69d6a,#88c400,#d7ae00,#8cb4f0,#de99f0,#00ca9a,#e0e0e0,#1a1a1a,#e0e0e0,#e0e0e0,bcf60416b91c265260943f0f8e772f7a28335c57248b346f05af9dc168ae76a6
Tempus Past,Protesilaos Stavrou (https://protesilaos.com),light,#53545b,#c00c50,#0a7040,#a6403a,#1763aa,#b02874,#096a83,#eae2de,#80565d,#bd3133,#337243,#8d554a,#5559bb,#b022a7,#07707a,#f3f2f4,#f3f2f4,#53545b,#53545b,50806d53fd6102681105216757dc69db091a4cf45fc64f9d05728e6166836897
Tempus Rift,Protesilaos Stavrou (https://protesilaos.com),dark,#162c22,#c19904,#34b534,#7fad00,#30aeb0,#c8954c,#5fad8f,#ab9aa9,#283431,#d2a634,#6ac134,#82bd00,#56bdad,#cca0ba,#10c480,#bbbcbc,#162c22,#bbbcbc,#bbbcbc,3ab413427ad4047a71b252fa082823dc5c4011ce67bcbdd148f308002e6e40f3
Tempus Spring,Protesilaos Stavrou (https://protesilaos.com),dark,#283a37,#ff8b5f,#5ec04d,#b0b01a,#39bace,#e99399,#36c08e,#99afae,#2a453d,#e19e00,#73be0d,#c6a843,#70afef,#d095e2,#3cbfaf,#b5b8b7,#283a37,#b5b8b7,#b5b8b7,19aa3033d1dd4e410e7717df47fabc16bc1c434d11da2e4475ecc6877e0fe851
Tempus Summer,Protesilaos Stavrou (https://protesilaos.com),dark,#202c3d,#fe6f70,#4eb075,#ba9a0a,#60a1e6,#d285ad,#3dae9f,#949cbf,#39304f,#ec7f4f,#5baf4f,#be981f,#8599ef,#cc82d7,#2aacbf,#a0abae,#202c3d,#a0abae,#a0abae,aa6706ff2677ceeda568097b51bafcb621c0d9110e7f1403f3b21149183af47c
Tempus Tempest,Protesilaos Stavrou (https://protesilaos.com),dark,#282b2b,#cfc80a,#7ad97a,#bfcc4a,#60d7cd,#c5c4af,#8bd0bf,#b0c8ca,#323535,#d1d933,#99e299,#bbde4f,#74e4cd,#d2d4aa,#9bdfc4,#b6e0ca,#282b2b,#b6e0ca,#b6e0ca,d263151a6ca35ddf0131b51b9195b69411c0f069f84e18f1712758e64b9179f6
Tempus Totus,Protesilaos Stavrou (https://protesilaos.com),light,#4a484d,#a50000,#005d26,#714700,#1d3ccf,#88267a,#185570,#efefef,#5e4b4f,#992030,#4a5500,#8a3600,#2d45b0,#700dc9,#005289,#ffffff,#ffffff,#4a484d,#4a484d,528eb84e064185448c049b5eaa1fb8c29b9faae47c736479cd1dde9ae955003c
Tempus Warp,Protesilaos Stavrou (https://protesilaos.com),dark,#001514,#ff3737,#169c16,#9f8500,#5781ef,#da4ebf,#009880,#968282,#261c2c,#f0681a,#3aa73a,#ba8a00,#8887f0,#d85cf2,#1da1af,#a29fa0,#001514,#a29fa0,#a29fa0,a7bfc88ce33935f96001e00586997361c440a572d8c8d3ac8b9a1ec76d6c627a
Tempus Winter,Protesilaos Stavrou (https://protesilaos.com),dark,#202427,#ed6e5a,#4aa920,#9a9921,#7b91df,#d17e80,#4fa394,#91959b,#2a2e38,#de7b28,#00ab5f,#af9155,#329fcb,#ca77c5,#1ba6a4,#8da3b8,#202427,#8da3b8,#8da3b8,549c4fc72a17ec3418ed5b92720ec08ddbb7b06a92f912a23e38833a799c2d43
Tender,,dark,#1D1D1D,#C5152F,#C9D05C,#FFC24B,#B3DEEF,#D3B987,#73CEF4,#EEEEEE,#323232,#F43753,#D9E066,#FACC72,#C0EAFB,#EFD093,#A1D6EC,#FFFFFF,#282828,#EEEEEE,#EEEEEE,cc483ace3f7603bf200dfa4f5edbb383579c33c3adb1cb6d847b2b0812cdc2ce
Terminal Basic,,light,#000000,#990000,#00a600,#999900,#0000b2,#b200b2,#00a6b2,#bfbfbf,#666666,#e50000,#00d900,#e5e500,#0000ff,#e500e5,#00e5e5,#e5e5e5,#ffffff,#000000,#7f7f7f,88468ead76d991e236ef2fd456dec72215567f877e6086b742255b61a9154ec9
Terminix Dark,,dark,#282A2E,#A54242,#A1B56C,#DE935F,#225555,#85678F,#5E8D87,#777777,#373B41,#C63535,#608360,#FA805A,#449DA1,#BA8BAF,#86C1B9,#C5C8C6,#091116,#868A8C,#868A8C,7544f757adf84b8a69eac2fe490edcb537dadc167f2d811a0df05cbf9e4c4f49
Thayer Bright,,dark,#1B1D1E,#F92672,#4DF840,#F4FD22,#2757D6,#8C54FE,#38C8B5,#CCCCC6,#505354,#FF5995,#B6E354,#FEED6C,#3F78FF,#9E6FFE,#23CFD5,#F8F8F2,#1B1D1E,#F8F8F8,#F8F8F8,493265d352315b4a5935c4e865dbe6c7e1c32b02b934f20088fa9d565892e6dc
Tin,,dark,#000000,#8D534E,#4E8D53,#888D4E,#534E8D,#8D4E88,#4E888D,#FFFFFF,#000000,#B57D78,#78B57D,#B0B578,#7D78B5,#B578B0,#78B0B5,#FFFFFF,#2E2E35,#FFFFFF,#FFFFFF,fee625756db5cc7e6bbb863946e35601b0d9a8812664e401bbf5b0eb4a49048e
Tiwahu Dark,Tim Huber (http://www.tiwahu.com),dark,#000000,#AA0000,#008800,#AAAA00,#0077AA,#880088,#00AA99,#BBBBBB,#777777,#FF8888,#88FF88,#FFFF66,#88CCFF,#FF88FF,#88FFCC,#FFFFFF,#181818,#DDDDDD,#888888,197943bfb28321459a6c50882c4f54bccdbf468740af41b0949b5b0bd8737d1d
Tiwahu Light,Tim Huber (http://www.tiwahu.com),light,#000000,#AA0000,#008800,#AAAA00,#0077AA,#880088,#00AA99,#BBBBBB,#777777,#FF8888,#88FF88,#FFFF66,#88CCFF,#FF88FF,#88FFCC,#FFFFFF,#DDDDDD,#181818,#888888,273898b0ac06ad5110a9379b2a3e748ab618aafb94acd08df94fe2a145188ce6
Tokyo Night,,dark,#15161E,#F7768E,#9ECE6A,#E0AF68,#7AA2F7,#BB9AF7,#7DCFFF,#A9B1D6,#414868,#F7768E,#9ECE6A,#E0AF68,#7AA2F7,#BB9AF7,#7DCFFF,#C0CAF5,#1A1B26,#C0CAF5,#C0CAF5,4aba4f05393be55e64ea629f3c19664edff2b439e16838272e7a70dd1d1801af
Tokyo Night Light,,light,#0F0F14,#8C4351,#485E30,#8F5E15,#34548A,#5A4A78,#0F4B6E,#343B58,#9699A3,#8C4351,#485E30,#8F5E15,#34548A,#5A4A78,#0F4B6E,#343B58,#D5D6DB,#565A6E,#565A6E,b7ce24233898e95e735e66de0f3f1c2f09d7a15ff070d2114d44bbf15d557a0e
Tokyo Night Storm,,dark,#1D202F,#F7768E,#9ECE6A,#E0AF68,#7AA2F7,#BB9AF7,#7DCFFF,#A9B1D6,#414868,#F7768E,#9ECE6A,#E0AF68,#7AA2F7,#BB9AF7,#7DCFFF,#C0CAF5,#24283B,#C0CAF5,#C0CAF5,6edc0a97fef394971847a19cf02ab516495aadd103531788bd1f2057171fcd7c
Tomorrow,Chris Kempson (http://chriskempson.com),light,#000000,#C82829,#718C00,#EAB700,#4271AE,#8959A8,#3E999F,#FFFFFF,#000000,#C82829,#718C00,#EAB700,#4271AE,#8959A8,#3E999F,#FFFFFF,#FFFFFF,#4D4D4C,#4D4D4C,19803eb46f06add4068e2254115d4021e2b2872f8988c6ba7ebcaee9b697a878
Tomorrow Night,Chris Kempson (http://chriskempson.com),dark,#000000,#CC6666,#B5BD68,#F0C674,#81A2BE,#B294BB,#8ABEB7,#FFFFFF,#000000,#CC6666,#B5BD68,#F0C674,#81A2BE,#B294BB,#8ABEB7,#FFFFFF,#1D1F21,#C5C8C6,#C5C8C6,d500f5834ec17d9456bebea62cbd311e0dc78d90a04ec702b9248e9e499176d1
Tomorrow Night Blue,Chris Kempson (http://chriskempson.com),dark,#000000,#FF9DA4,#D1F1A9,#FFEEAD,#BBDAFF,#EBBBFF,#99FFFF,#FFFFFF,#000000,#FF9DA4,#D1F1A9,#FFEEAD,#BBDAFF,#EBBBFF,#99FFFF,#FFFFFF,#002451,#FFFFFF,#FFFFFF,433c6f08a3ca4a2a5040eca08560be31b26b9add02f5bb58de421cd336f6edc9
Tomorrow Night Bright,Chris Kempson (http://chriskempson.com),dark,#000000,#D54E53,#B9CA4A,#E7C547,#7AA6DA,#C397D8,#70C0B1,#FFFFFF,#000000,#D54E53,#B9CA4A,#E7C547,#7AA6DA,#C397D8,#70C0B1,#FFFFFF,#000000,#EAEAEA,#EAEAEA,4f89e94107485dfce57208652b9343197cdbd34a849b85c37946afb9b099895c
Tomorrow Night Eighties,Chris Kempson (http://chriskempson.com),dark,#000000,#F2777A,#99CC99,#FFCC66,#6699CC,#CC99CC,#66CCCC,#FFFFFF,#000000,#F2777A,#99CC99,#FFCC66,#6699CC,#CC99CC,#66CCCC,#FFFFFF,#2D2D2D,#CCCCCC,#CCCCCC,783c4a265c29188b3487b3487407f632117aec4610d1269e4c504e312bc50fd0
Toy Chest,,dark,#2C3F58,#BE2D26,#1A9172,#DB8E27,#325D96,#8A5EDC,#35A08F,#23D183,#336889,#DD5944,#31D07B,#E7D84B,#34A6DA,#AE6BDC,#42C3AE,#D5D5D5,#24364B,#31D07B,#31D07B,211441ece80494709ed090208af91405b9e1317759f31707c63927db6fa6cdc4
Treehouse,,dark,#321300,#B2270E,#44A900,#AA820C,#58859A,#97363D,#B25A1E,#786B53,#433626,#ED5D20,#55F238,#F2B732,#85CFED,#E14C5A,#F07D14,#FFC800,#191919,#786B53,#786B53,71b47aef32e1f0dca34d300fbe91950bb0f2941f7a92ef88f5a4ad7c848556bf
Twilight,,dark,#141414,#C06D44,#AFB97A,#C2A86C,#44474A,#B4BE7C,#778385,#FFFFD4,#262626,#DE7C4C,#CCD88C,#E2C47E,#5A5E62,#D0DC8E,#8A989B,#FFFFD4,#141414,#FFFFD4,#FFFFD4,d09549e31782c49dd0bb6849c198e4aeeeb8080534ccf9eac4aef0b3156de96e
Ura,,light,#000000,#C21B6F,#6FC21B,#C26F1B,#1B6FC2,#6F1BC2,#1BC26F,#808080,#808080,#EE84B9,#B9EE84,#EEB984,#84B9EE,#B984EE,#84EEB9,#E5E5E5,#FEFFEE,#23476A,#23476A,af8f8e97b6b1b9866c23dbcaa954148f4861720f12577b7a46e81e7008c7326e
Urple,,dark,#000000,#B0425B,#37A415,#AD5C42,#564D9B,#6C3CA1,#808080,#87799C,#5D3225,#FF6388,#29E620,#F08161,#867AED,#A05EEE,#EAEAEA,#BFA3FF,#1B1B23,#877A9B,#877A9B,359fb6f8a83c32e9adf18171a0d09004aaa0539c21d43e8ccbd98e8c61b62a3a
Vacme,newptcai,light,#424242,#B85C57,#57864E,#8F7634,#2A8DC5,#8888C7,#6AA7A8,#FFFFEC,#999957,#E28C88,#7AB877,#9E9477,#7EC6EB,#A9ABDA,#7AD0D1,#D6D687,#FFFFEC,#424242,#030093,fc78b76e983a286fdf7a748fc6f7cacae73f04a86ab2dc752682005fbabbf7f9
Vag,,dark,#303030,#A87139,#39A871,#71A839,#7139A8,#A83971,#3971A8,#8A8A8A,#494949,#B0763B,#3BB076,#76B03B,#763BB0,#B03B76,#3B76B0,#CFCFCF,#191F1D,#D9E6F2,#D9E6F2,c56065d8151657f8d9e417920454558e0ac8b19d7d8cb24bae8ef4646cd75b3c
Vaombe,Daniel Perez (https://www.github.com/sysaloe),dark,#111413,#8f3232,#3b5c3b,#7a6322,#28405c,#46285c,#346666,#d1d1d1,#212927,#b84242,#57a355,#dbbb60,#5183b8,#935fb8,#51b8b0,#f5fffd,#010a08,#f5fffd,#9df5e2,00edeb85138240f6b926d793e5eb400a58aa770506590aaa9d6b877bfad24917
Vaporwave Control Room,Alex Bachlej (https://alexbachlej.com),Light,#393552,#B50134,#70EAFF,#000000,#3A8EB1,#C4A7E7,#9E4242,#8F85F1,#6E6A86,#743C3C,#50FA7B,#000000,#73EAFF,#C4A7E7,#8B2F2F,#9990FB,#EB64B9,#F5F4FD,#E0DEF4,7ff08224156ac3301ddeb98b6b3255740af1c38aa48bd6ef1201642bbe89039a
Vaughn,,dark,#25234F,#705050,#60B48A,#DFAF8F,#5555FF,#F08CC3,#8CD0D3,#709080,#709080,#DCA3A3,#60B48A,#F0DFAF,#5555FF,#EC93D3,#93E0E3,#FFFFFF,#25234F,#DCDCCC,#DCDCCC,9308a04a5193b1bb49b2ee7f1c48fb91634bd6b7d3db5bad2326266255b69f28
Vibrant Ink,,dark,#878787,#FF6600,#CCFF04,#FFCC00,#44B4CC,#9933CC,#44B4CC,#F5F5F5,#555555,#FF0000,#00FF00,#FFFF00,#0000FF,#FF00FF,#00FFFF,#E5E5E5,#000000,#FFFFFF,#FFFFFF,2cc40ebd75ed8079da3c39d196d9c61d88efbbc5f0d594296e4524bf05dd0095
Vs Code Dark+,,dark,#6A787A,#E9653B,#39E9A8,#E5B684,#44AAE6,#E17599,#3DD5E7,#C3DDE1,#598489,#E65029,#00FF9A,#E89440,#009AFB,#FF578F,#5FFFFF,#D9FBFF,#1E1E1E,#CCCCCC,#CCCCCC,9111bfaa4ae3c3f9b769474f188725d8f63b8f861027c088e473119309c0c5b7
Vs Code Light+,,light,#020202,#CD3232,#00BC00,#A5A900,#0752A8,#BC05BC,#0598BC,#343434,#5E5E5E,#CD3333,#1BCE1A,#ADBB5B,#0752A8,#C451CE,#52A8C7,#A6A3A6,#F9F9F9,#020202,#020202,25ee2aabd98c66a07708af651cbb68fe27317a64c7700ecf06d0b6636b128b54
Warm Neon,,dark,#000000,#E24346,#39B13A,#DAE145,#4261C5,#F920FB,#2ABBD4,#D0B8A3,#FEFCFC,#E97071,#9CC090,#DDDA7A,#7B91D6,#F674BA,#5ED1E5,#D8C8BB,#404040,#AFDAB6,#AFDAB6,62565f6f3f64314d0adf539177b318e86736ad462b32258fd9031fc37f9ed06f
Website,,dark,#183c44,#da4949,#bcca15,#ffb02e,#35a6e6,#d343a2,#38c995,#ffe8c1,#235662,#ff5757,#ecff14,#ffd694,#4cbfff,#ff4cc2,#35ffb6,#ffd48f,#132f35,#d1b890,#d1b890,f2755c9ae1b2960cfa78a00754898873973a826e0d8bc3c0cd759b6a34c4392c
Wez,,dark,#000000,#CC5555,#55CC55,#CDCD55,#5555CC,#CC55CC,#7ACACA,#CCCCCC,#555555,#FF5555,#55FF55,#FFFF55,#5555FF,#FF55FF,#55FFFF,#FFFFFF,#000000,#B3B3B3,#B3B3B3,7d739c67e88bae75741e8e3e7561c352904e58e869c2280fed128faf8988091f
Wild Cherry,,dark,#000507,#D94085,#2AB250,#FFD16F,#883CDC,#ECECEC,#C1B8B7,#FFF8DE,#009CC9,#DA6BAC,#F4DCA5,#EAC066,#308CBA,#AE636B,#FF919D,#E4838D,#1F1726,#DAFAFF,#DAFAFF,50faacdfe2fdca57aa85f65921e8ba8b2c44f3280a2703a5c92ad41aba9ef33a
Wombat,,dark,#000000,#FF615A,#B1E969,#EBD99C,#5DA9F6,#E86AFF,#82FFF7,#DEDACF,#313131,#F58C80,#DDF88F,#EEE5B2,#A5C7FF,#DDAAFF,#B7FFF9,#FFFFFF,#171717,#DEDACF,#DEDACF,6aecc7607ddeac1cb0a6a2d26be6529fe0c8867df82fd3cf7b699a7de7e376d4
Wryan,,dark,#333333,#8C4665,#287373,#7C7C99,#395573,#5E468C,#31658C,#899CA1,#3D3D3D,#BF4D80,#53A6A6,#9E9ECB,#477AB3,#7E62B3,#6096BF,#C0C0C0,#101010,#999993,#999993,6a64d89430e7ecf06cfc35ddc61fbbbfe79e4950458a86c9960de0070b528ac9
Wzoreck,,dark,#2E3436,#FC6386,#A9DC76,#FCE94F,#FB976B,#75507B,#34E2E2,#FFFFFF,#989595,#FC6386,#A9DC76,#FCE94F,#FB976B,#AB9DF2,#34E2E2,#D1D1C0,#424043,#FCFCFA,#FCFCFA,a738d327cc9fe5f2cd7e7b32dc596275cc6e79a57ba9de1a97e63fbcd12ea773
Zenburn,,dark,#4D4D4D,#705050,#60B48A,#F0DFAF,#506070,#DC8CC3,#8CD0D3,#DCDCCC,#709080,#DCA3A3,#C3BF9F,#E0CF9F,#94BFF3,#EC93D3,#93E0E3,#FFFFFF,#3F3F3F,#DCDCCC,#73635A,602d2069090d4d4b5164ba7f2d88a46a463f252515a2d4f626076b57d09ed728
